rho,lambda_factor,log_Lambda,analytic_radius,pole_distance,min_H_pm_isigma,qmin_H2_plus_sigma2,cauchy_factor,log_C_for_g,chi_norm,zeta_norm,infinite_eta,product_bound,mixed_AX_J2,pressure_J1_detaI,T_bound,inverse_one_plus_T_bound,inverse_finite_k,inverse_finite_prefix_bound,inverse_analytic_tail_bound,inverse_factorial_K,inverse_envelope_ratio,phi_Wstar_Phi,phi_h_background_Phi,phi_B_etaAX_u_Phi,phi_B_detaAX_u_Phi,phi_h_u_Phi,phi_zeta_u_Phi,phi_Wstar_DXPhi,phi_B_etaAX_u_DXPhi,phi_B_detaAX_u_DXPhi,phi_Hstar_detaPhi,phi_u_detaPhi,u_linear,u_quadratic,u_Wstar_DXu,u_B_etaAX_u_DXu,u_B_detaAX_u_DXu,u_Hstar_detau,u_u_detau,u_pressure_p,u_pressure_peta,u_pressure_DXp,M_phi_map,M_u_map,contraction_bound,inverse_certified,contraction_certified
1.0000000000000001e-05,1,145.28835364469398,4.0000000000000003e-05,0.00055560112833593625,0.0021959614389760003,4.8222466414695454e-06,1,5.7058839505185054e+65,2.2960763861085631,455.38140253788356,1,173.1717173937821,398987636875273.88,3.5465567722246573e+17,795230.98209945729,1965551.5236218795,18,1965465.6561654361,85.867456443377961,91.843055444342525,1,2.8697112989701721e-49,1.5454382531381723e-83,8.9617971299430282e-49,5.7355501677517919e-41,3.2349423975133459e-83,1.022658582705713e+18,5.1654803381463097e-48,1.6131234833897449e-47,1.0323990301953227e-39,2.5895246195667814e-41,5.7355501677517919e-41,1.5893405166848308e-54,1.8237725182455286e-54,5.2560111256997117e-54,3.2827905328419513e-53,2.1009859426995697e-45,2.6349089183834982e-47,1.1672144126108721e-46,5.5104726093415203e-42,1.7633512363999109e-34,9.9188506968147377e-41,1.022658582705713e+18,1.7633522834121473e-34,1.022658582705713e+18,1,0
1.0000000000000001e-05,100,149.89352383068208,4.0000000000000003e-05,0.00055560112833593625,0.0021959614389760003,4.8222466414695454e-06,1,5.7058839505185044e+67,2.2960763861085631,455.38140253788356,1,173.1717173937821,398987636875273.88,3.5465567722246573e+17,795230.98209945729,1965551.5236218795,18,1965465.6561654361,85.867456443377961,91.843055444342525,1,2.8697112989701721e-51,1.5454382531381724e-85,8.9617971299430277e-53,5.7355501677517919e-45,3.2349423975133465e-87,10226585827057128,5.16548033814631e-50,1.6131234833897449e-51,1.0323990301953225e-43,2.5895246195667817e-43,5.7355501677517919e-45,1.5893405166848305e-56,1.8237725182455285e-58,5.2560111256997117e-56,3.2827905328419508e-57,2.1009859426995695e-49,2.6349089183834976e-49,1.1672144126108722e-50,5.5104726093415198e-44,1.7633512363999103e-36,9.9188506968147365e-43,10226585827057128,1.7633522833901911e-36,10226585827057128,1,0
1.0000000000000001e-05,10000,154.49869401667016,4.0000000000000003e-05,0.00055560112833593625,0.0021959614389760003,4.8222466414695454e-06,1,5.7058839505185054e+69,2.2960763861085631,455.38140253788356,1,173.1717173937821,398987636875273.88,3.5465567722246573e+17,795230.98209945729,1965551.5236218795,18,1965465.6561654361,85.867456443377961,91.843055444342525,1,2.8697112989701721e-53,1.5454382531381724e-87,8.9617971299430269e-57,5.7355501677517918e-49,3.234942397513347e-91,102265858270571.28,5.1654803381463096e-52,1.6131234833897445e-55,1.0323990301953224e-47,2.5895246195667817e-45,5.7355501677517918e-49,1.5893405166848304e-58,1.8237725182455286e-62,5.2560111256997111e-58,3.2827905328419512e-61,2.1009859426995694e-53,2.6349089183834976e-51,1.1672144126108719e-54,5.5104726093415187e-46,1.7633512363999103e-38,9.9188506968147355e-45,102265858270571.28,1.763352283389972e-38,102265858270571.28,1,0
1.0000000000000001e-05,1000000,159.10386420265826,4.0000000000000003e-05,0.00055560112833593625,0.0021959614389760003,4.8222466414695454e-06,1,5.7058839505185054e+71,2.2960763861085631,455.38140253788356,1,173.1717173937821,398987636875273.88,3.5465567722246573e+17,795230.98209945729,1965551.5236218795,18,1965465.6561654361,85.867456443377961,91.843055444342525,1,2.8697112989701723e-55,1.5454382531381723e-89,8.9617971299430261e-61,5.7355501677517913e-53,3.2349423975133468e-95,1022658582705.7128,5.1654803381463093e-54,1.6131234833897446e-59,1.0323990301953224e-51,2.5895246195667817e-47,5.7355501677517913e-53,1.5893405166848305e-60,1.8237725182455281e-66,5.2560111256997112e-60,3.2827905328419504e-65,2.1009859426995691e-57,2.6349089183834977e-53,1.1672144126108719e-58,5.5104726093415194e-48,1.7633512363999105e-40,9.9188506968147354e-47,1022658582705.7128,1.7633522833899698e-40,1022658582705.7128,1,0
1.0000000000000001e-05,100000000,163.70903438864636,4.0000000000000003e-05,0.00055560112833593625,0.0021959614389760003,4.8222466414695454e-06,1,5.7058839505185051e+73,2.2960763861085631,455.38140253788356,1,173.1717173937821,398987636875273.88,3.5465567722246573e+17,795230.98209945729,1965551.5236218795,18,1965465.6561654361,85.867456443377961,91.843055444342525,1,2.869711298970172e-57,1.5454382531381723e-91,8.9617971299430267e-65,5.7355501677517923e-57,3.2349423975133462e-99,10226585827.057129,5.1654803381463091e-56,1.6131234833897449e-63,1.0323990301953224e-55,2.5895246195667815e-49,5.7355501677517923e-57,1.5893405166848305e-62,1.8237725182455286e-70,5.2560111256997111e-62,3.2827905328419511e-69,2.1009859426995695e-61,2.6349089183834975e-55,1.167214412610872e-62,5.5104726093415196e-50,1.7633512363999106e-42,9.9188506968147355e-49,10226585827.057129,1.7633522833899699e-42,10226585827.057129,1,0
1.0000000000000001e-05,10000000000,168.31420457463443,4.0000000000000003e-05,0.00055560112833593625,0.0021959614389760003,4.8222466414695454e-06,1,5.7058839505185053e+75,2.2960763861085631,455.38140253788356,1,173.1717173937821,398987636875273.88,3.5465567722246573e+17,795230.98209945729,1965551.5236218795,18,1965465.6561654361,85.867456443377961,91.843055444342525,1,2.8697112989701722e-59,1.5454382531381722e-93,8.9617971299430278e-69,5.7355501677517912e-61,3.2349423975133472e-103,102265858.27057128,5.1654803381463099e-58,1.613123483389745e-67,1.0323990301953226e-59,2.5895246195667817e-51,5.7355501677517912e-61,1.5893405166848304e-64,1.8237725182455287e-74,5.2560111256997114e-64,3.2827905328419513e-73,2.1009859426995698e-65,2.6349089183834981e-57,1.1672144126108721e-66,5.5104726093415199e-52,1.7633512363999104e-44,9.9188506968147356e-51,102265858.27057128,1.7633522833899695e-44,102265858.27057128,1,0
1.0000000000000001e-05,1000000000000,172.91937476062253,4.0000000000000003e-05,0.00055560112833593625,0.0021959614389760003,4.8222466414695454e-06,1,5.7058839505185046e+77,2.2960763861085631,455.38140253788356,1,173.1717173937821,398987636875273.88,3.5465567722246573e+17,795230.98209945729,1965551.5236218795,18,1965465.6561654361,85.867456443377961,91.843055444342525,1,2.8697112989701716e-61,1.5454382531381722e-95,8.9617971299430251e-73,5.7355501677517917e-65,3.234942397513346e-107,1022658.5827057126,5.1654803381463098e-60,1.6131234833897444e-71,1.0323990301953224e-63,2.5895246195667809e-53,5.7355501677517917e-65,1.5893405166848305e-66,1.8237725182455286e-78,5.2560111256997118e-66,3.2827905328419511e-77,2.1009859426995694e-69,2.6349089183834977e-59,1.1672144126108719e-70,5.5104726093415204e-54,1.7633512363999107e-46,9.9188506968147363e-53,1022658.5827057126,1.76335228338997e-46,1022658.5827057126,1,0
1.0000000000000001e-05,100000000000000,177.52454494661063,4.0000000000000003e-05,0.00055560112833593625,0.0021959614389760003,4.8222466414695454e-06,1,5.7058839505185047e+79,2.2960763861085631,455.38140253788356,1,173.1717173937821,398987636875273.88,3.5465567722246573e+17,795230.98209945729,1965551.5236218795,18,1965465.6561654361,85.867456443377961,91.843055444342525,1,2.8697112989701722e-63,1.5454382531381724e-97,8.9617971299430261e-77,5.7355501677517918e-69,3.2349423975133472e-111,10226.585827057128,5.1654803381463094e-62,1.6131234833897448e-75,1.0323990301953226e-67,2.5895246195667813e-55,5.7355501677517918e-69,1.5893405166848307e-68,1.8237725182455286e-82,5.2560111256997118e-68,3.2827905328419515e-81,2.10098594269957e-73,2.6349089183834982e-61,1.1672144126108721e-74,5.5104726093415198e-56,1.7633512363999105e-48,9.9188506968147342e-55,10226.585827057128,1.7633522833899697e-48,10226.585827057128,1,0
1.0000000000000001e-05,10000000000000000,182.1297151325987,4.0000000000000003e-05,0.00055560112833593625,0.0021959614389760003,4.8222466414695454e-06,1,5.705883950518505e+81,2.2960763861085631,455.38140253788356,1,173.1717173937821,398987636875273.88,3.5465567722246573e+17,795230.98209945729,1965551.5236218795,18,1965465.6561654361,85.867456443377961,91.843055444342525,1,2.8697112989701719e-65,1.5454382531381722e-99,8.9617971299430264e-81,5.7355501677517927e-73,3.2349423975133471e-115,102.26585827057129,5.1654803381463093e-64,1.6131234833897447e-79,1.0323990301953226e-71,2.5895246195667814e-57,5.7355501677517927e-73,1.5893405166848308e-70,1.8237725182455289e-86,5.2560111256997117e-70,3.2827905328419517e-85,2.1009859426995696e-77,2.6349089183834976e-63,1.1672144126108722e-78,5.5104726093415198e-58,1.7633512363999107e-50,9.9188506968147358e-57,102.26585827057129,1.7633522833899697e-50,102.26585827057129,1,0
1.0000000000000001e-05,1e+18,186.73488531858681,4.0000000000000003e-05,0.00055560112833593625,0.0021959614389760003,4.8222466414695454e-06,1,5.7058839505185047e+83,2.2960763861085631,455.38140253788356,1,173.1717173937821,398987636875273.88,3.5465567722246573e+17,795230.98209945729,1965551.5236218795,18,1965465.6561654361,85.867456443377961,91.843055444342525,1,2.8697112989701721e-67,1.5454382531381723e-101,8.9617971299430284e-85,5.7355501677517927e-77,3.234942397513347e-119,1.0226585827057131,5.1654803381463098e-66,1.6131234833897451e-83,1.0323990301953226e-75,2.5895246195667816e-59,5.7355501677517927e-77,1.5893405166848304e-72,1.8237725182455285e-90,5.2560111256997116e-72,3.2827905328419513e-89,2.10098594269957e-81,2.6349089183834981e-65,1.1672144126108722e-82,5.5104726093415205e-60,1.7633512363999102e-52,9.9188506968147369e-59,1.0226585827057131,1.7633522833899695e-52,1.0226585827057131,1,0
1.0000000000000001e-05,1e+20,191.34005550457491,4.0000000000000003e-05,0.00055560112833593625,0.0021959614389760003,4.8222466414695454e-06,1,5.7058839505185043e+85,2.2960763861085631,455.38140253788356,1,173.1717173937821,398987636875273.88,3.5465567722246573e+17,795230.98209945729,1965551.5236218795,18,1965465.6561654361,85.867456443377961,91.843055444342525,1,2.8697112989701725e-69,1.5454382531381725e-103,8.9617971299430286e-89,5.7355501677517926e-81,3.2349423975133475e-123,0.010226585827057129,5.1654803381463102e-68,1.6131234833897448e-87,1.0323990301953225e-79,2.5895246195667819e-61,5.7355501677517926e-81,1.5893405166848306e-74,1.8237725182455282e-94,5.2560111256997118e-74,3.2827905328419511e-93,2.1009859426995696e-85,2.6349089183834979e-67,1.1672144126108719e-86,5.5104726093415208e-62,1.7633512363999108e-54,9.918850696814736e-61,0.010226585827057129,1.7633522833899699e-54,0.010226585827057129,1,1
1.0000000000000001e-05,9.9999999999999998e+23,200.55039587655108,4.0000000000000003e-05,0.00055560112833593625,0.0021959614389760003,4.8222466414695454e-06,1,5.7058839505185047e+89,2.2960763861085631,455.38140253788356,1,173.1717173937821,398987636875273.88,3.5465567722246573e+17,795230.98209945729,1965551.5236218795,18,1965465.6561654361,85.867456443377961,91.843055444342525,1,2.869711298970172e-73,1.5454382531381724e-107,8.9617971299430284e-97,5.7355501677517924e-89,3.2349423975133465e-131,1.0226585827057128e-06,5.165480338146309e-72,1.6131234833897449e-95,1.0323990301953226e-87,2.5895246195667816e-65,5.7355501677517924e-89,1.5893405166848306e-78,1.8237725182455286e-102,5.2560111256997123e-78,3.2827905328419507e-101,2.10098594269957e-93,2.6349089183834984e-71,1.1672144126108721e-94,5.51047260934152e-66,1.7633512363999106e-58,9.9188506968147365e-65,1.0226585827057128e-06,1.7633522833899699e-58,1.0226585827057128e-06,1,1
1.0000000000000001e-05,9.9999999999999996e+27,209.76073624852725,4.0000000000000003e-05,0.00055560112833593625,0.0021959614389760003,4.8222466414695454e-06,1,5.7058839505185047e+93,2.2960763861085631,455.38140253788356,1,173.1717173937821,398987636875273.88,3.5465567722246573e+17,795230.98209945729,1965551.5236218795,18,1965465.6561654361,85.867456443377961,91.843055444342525,1,2.8697112989701725e-77,1.5454382531381723e-111,8.9617971299430267e-105,5.735550167751792e-97,3.2349423975133469e-139,1.0226585827057129e-10,5.1654803381463094e-76,1.6131234833897447e-103,1.0323990301953225e-95,2.5895246195667815e-69,5.735550167751792e-97,1.5893405166848308e-82,1.823772518245529e-110,5.2560111256997114e-82,3.2827905328419513e-109,2.1009859426995699e-101,2.6349089183834977e-75,1.1672144126108721e-102,5.5104726093415208e-70,1.7633512363999106e-62,9.918850696814736e-69,1.0226585827057129e-10,1.7633522833899699e-62,1.0226585827057129e-10,1,1
1.0000000000000001e-05,1.0000000000000001e+32,218.97107662050345,4.0000000000000003e-05,0.00055560112833593625,0.0021959614389760003,4.8222466414695454e-06,1,5.7058839505185061e+97,2.2960763861085631,455.38140253788356,1,173.1717173937821,398987636875273.88,3.5465567722246573e+17,795230.98209945729,1965551.5236218795,18,1965465.6561654361,85.867456443377961,91.843055444342525,1,2.8697112989701719e-81,1.545438253138172e-115,8.9617971299430248e-113,5.7355501677517901e-105,3.2349423975133454e-147,1.0226585827057126e-14,5.1654803381463091e-80,1.6131234833897445e-111,1.0323990301953221e-103,2.5895246195667815e-73,5.7355501677517901e-105,1.5893405166848304e-86,1.8237725182455283e-118,5.2560111256997117e-86,3.2827905328419512e-117,2.1009859426995693e-109,2.6349089183834978e-79,1.1672144126108718e-110,5.51047260934152e-74,1.7633512363999105e-66,9.9188506968147347e-73,1.0226585827057126e-14,1.7633522833899696e-66,1.0226585827057126e-14,1,1
1.0000000000000001e-05,1e+36,228.18141699247963,4.0000000000000003e-05,0.00055560112833593625,0.0021959614389760003,4.8222466414695454e-06,1,5.7058839505185045e+101,2.2960763861085631,455.38140253788356,1,173.1717173937821,398987636875273.88,3.5465567722246573e+17,795230.98209945729,1965551.5236218795,18,1965465.6561654361,85.867456443377961,91.843055444342525,1,2.8697112989701721e-85,1.5454382531381721e-119,8.9617971299430257e-121,5.7355501677517912e-113,3.2349423975133457e-155,1.0226585827057127e-18,5.1654803381463081e-84,1.6131234833897444e-119,1.0323990301953222e-111,2.5895246195667809e-77,5.7355501677517912e-113,1.5893405166848303e-90,1.8237725182455284e-126,5.2560111256997115e-90,3.2827905328419508e-125,2.1009859426995695e-117,2.634908918383498e-83,1.167214412610872e-118,5.5104726093415205e-78,1.7633512363999105e-70,9.9188506968147359e-77,1.0226585827057127e-18,1.7633522833899698e-70,1.0226585827057127e-18,1,1
1.0000000000000001e-05,1e+40,237.3917573644558,4.0000000000000003e-05,0.00055560112833593625,0.0021959614389760003,4.8222466414695454e-06,1,5.7058839505185061e+105,2.2960763861085631,455.38140253788356,1,173.1717173937821,398987636875273.88,3.5465567722246573e+17,795230.98209945729,1965551.5236218795,18,1965465.6561654361,85.867456443377961,91.843055444342525,1,2.8697112989701717e-89,1.5454382531381719e-123,8.9617971299430256e-129,5.7355501677517907e-121,3.2349423975133457e-163,1.0226585827057125e-22,5.1654803381463093e-88,1.6131234833897442e-127,1.0323990301953222e-119,2.5895246195667811e-81,5.7355501677517907e-121,1.5893405166848303e-94,1.823772518245528e-134,5.2560111256997113e-94,3.2827905328419504e-133,2.1009859426995692e-125,2.6349089183834977e-87,1.167214412610872e-126,5.5104726093415193e-82,1.7633512363999101e-74,9.9188506968147353e-81,1.0226585827057125e-22,1.7633522833899693e-74,1.0226585827057125e-22,1,1
2.0000000000000002e-05,1,145.28835364469398,8.0000000000000007e-05,0.00055560112833593625,0.0018918457518080005,3.5790803486339784e-06,1,6.6233741808145848e+65,2.746258645013496,528.58431986028427,1,173.1717173937821,199493818437636.94,1.7732783861123286e+17,951148.65192901623,10362656.076020185,18,10359929.071295822,2727.0047243634722,109.85034580053984,1,1.5129519817472983e-48,8.1483381418180478e-83,4.724970825583242e-48,1.5119906690246202e-40,1.7055740304166024e-82,6.2585492903381729e+18,2.7233135671451368e-47,8.5049474860498338e-47,2.7215832042443161e-39,6.8266907767677587e-41,1.5119906690246202e-40,1.5894328134817115e-54,1.8238454662283391e-54,5.2560145722621237e-54,3.2829218392110103e-53,1.0505349919089663e-45,1.3175561799382951e-47,5.8363055106053691e-47,5.5106930194294907e-42,8.8171088592996758e-35,9.9192474349730835e-41,6.2585492903381729e+18,8.8171193297286199e-35,6.2585492903381729e+18,1,0
2.0000000000000002e-05,100,149.89352383068208,8.0000000000000007e-05,0.00055560112833593625,0.0018918457518080005,3.5790803486339784e-06,1,6.6233741808145847e+67,2.746258645013496,528.58431986028427,1,173.1717173937821,199493818437636.94,1.7732783861123286e+17,951148.65192901623,10362656.076020185,18,10359929.071295822,2727.0047243634722,109.85034580053984,1,1.5129519817472979e-50,8.1483381418180464e-85,4.7249708255832408e-52,1.51199066902462e-44,1.7055740304166022e-86,62585492903381728,2.7233135671451362e-49,8.5049474860498333e-51,2.7215832042443157e-43,6.826690776767757e-43,1.51199066902462e-44,1.5894328134817115e-56,1.8238454662283392e-58,5.2560145722621239e-56,3.2829218392110106e-57,1.0505349919089663e-49,1.3175561799382948e-49,5.8363055106053683e-51,5.5106930194294909e-44,8.8171088592996746e-37,9.9192474349730828e-43,62585492903381728,8.8171193296188383e-37,62585492903381728,1,0
2.0000000000000002e-05,10000,154.49869401667016,8.0000000000000007e-05,0.00055560112833593625,0.0018918457518080005,3.5790803486339784e-06,1,6.6233741808145852e+69,2.746258645013496,528.58431986028427,1,173.1717173937821,199493818437636.94,1.7732783861123286e+17,951148.65192901623,10362656.076020185,18,10359929.071295822,2727.0047243634722,109.85034580053984,1,1.5129519817472979e-52,8.1483381418180461e-87,4.7249708255832406e-56,1.51199066902462e-48,1.7055740304166023e-90,625854929033817.25,2.7233135671451364e-51,8.5049474860498324e-55,2.7215832042443156e-47,6.8266907767677579e-45,1.51199066902462e-48,1.5894328134817112e-58,1.8238454662283391e-62,5.2560145722621231e-58,3.2829218392110097e-61,1.0505349919089661e-53,1.3175561799382948e-51,5.8363055106053666e-55,5.5106930194294895e-46,8.8171088592996738e-39,9.9192474349730806e-45,625854929033817.25,8.8171193296177388e-39,625854929033817.25,1,0
2.0000000000000002e-05,1000000,159.10386420265826,8.0000000000000007e-05,0.00055560112833593625,0.0018918457518080005,3.5790803486339784e-06,1,6.6233741808145854e+71,2.746258645013496,528.58431986028427,1,173.1717173937821,199493818437636.94,1.7732783861123286e+17,951148.65192901623,10362656.076020185,18,10359929.071295822,2727.0047243634722,109.85034580053984,1,1.5129519817472983e-54,8.1483381418180476e-89,4.7249708255832412e-60,1.5119906690246198e-52,1.7055740304166021e-94,6258549290338.1719,2.7233135671451368e-53,8.5049474860498334e-59,2.7215832042443156e-51,6.8266907767677574e-47,1.5119906690246198e-52,1.5894328134817113e-60,1.8238454662283388e-66,5.2560145722621235e-60,3.2829218392110091e-65,1.050534991908966e-57,1.3175561799382949e-53,5.8363055106053675e-59,5.5106930194294893e-48,8.8171088592996755e-41,9.9192474349730819e-47,6258549290338.1719,8.8171193296177298e-41,6258549290338.1719,1,0
2.0000000000000002e-05,100000000,163.70903438864636,8.0000000000000007e-05,0.00055560112833593625,0.0018918457518080005,3.5790803486339784e-06,1,6.6233741808145852e+73,2.746258645013496,528.58431986028427,1,173.1717173937821,199493818437636.94,1.7732783861123286e+17,951148.65192901623,10362656.076020185,18,10359929.071295822,2727.0047243634722,109.85034580053984,1,1.5129519817472978e-56,8.1483381418180451e-91,4.7249708255832405e-64,1.5119906690246196e-56,1.7055740304166016e-98,62585492903.381714,2.7233135671451358e-55,8.5049474860498315e-63,2.7215832042443153e-55,6.8266907767677566e-49,1.5119906690246196e-56,1.5894328134817112e-62,1.823845466228339e-70,5.2560145722621234e-62,3.2829218392110101e-69,1.0505349919089662e-61,1.3175561799382949e-55,5.8363055106053677e-63,5.5106930194294897e-50,8.8171088592996754e-43,9.9192474349730836e-49,62585492903.381714,8.81711932961773e-43,62585492903.381714,1,0
2.0000000000000002e-05,10000000000,168.31420457463443,8.0000000000000007e-05,0.00055560112833593625,0.0018918457518080005,3.5790803486339784e-06,1,6.6233741808145848e+75,2.746258645013496,528.58431986028427,1,173.1717173937821,199493818437636.94,1.7732783861123286e+17,951148.65192901623,10362656.076020185,18,10359929.071295822,2727.0047243634722,109.85034580053984,1,1.5129519817472983e-58,8.1483381418180465e-93,4.7249708255832409e-68,1.5119906690246201e-60,1.7055740304166019e-102,625854929.03381729,2.7233135671451366e-57,8.5049474860498335e-67,2.7215832042443159e-59,6.8266907767677582e-51,1.5119906690246201e-60,1.5894328134817112e-64,1.8238454662283389e-74,5.2560145722621238e-64,3.2829218392110101e-73,1.0505349919089662e-65,1.3175561799382948e-57,5.836305510605368e-67,5.5106930194294902e-52,8.8171088592996772e-45,9.9192474349730825e-51,625854929.03381729,8.8171193296177322e-45,625854929.03381729,1,0
2.0000000000000002e-05,1000000000000,172.91937476062253,8.0000000000000007e-05,0.00055560112833593625,0.0018918457518080005,3.5790803486339784e-06,1,6.6233741808145849e+77,2.746258645013496,528.58431986028427,1,173.1717173937821,199493818437636.94,1.7732783861123286e+17,951148.65192901623,10362656.076020185,18,10359929.071295822,2727.0047243634722,109.85034580053984,1,1.5129519817472982e-60,8.148338141818046e-95,4.7249708255832411e-72,1.5119906690246201e-64,1.7055740304166016e-106,6258549.2903381735,2.7233135671451365e-59,8.5049474860498345e-71,2.7215832042443162e-63,6.8266907767677578e-53,1.5119906690246201e-64,1.5894328134817112e-66,1.8238454662283392e-78,5.2560145722621236e-66,3.2829218392110103e-77,1.0505349919089663e-69,1.3175561799382948e-59,5.8363055106053673e-71,5.51069301942949e-54,8.8171088592996737e-47,9.9192474349730829e-53,6258549.2903381735,8.8171193296177292e-47,6258549.2903381735,1,0
2.0000000000000002e-05,100000000000000,177.52454494661063,8.0000000000000007e-05,0.00055560112833593625,0.0018918457518080005,3.5790803486339784e-06,1,6.6233741808145834e+79,2.746258645013496,528.58431986028427,1,173.1717173937821,199493818437636.94,1.7732783861123286e+17,951148.65192901623,10362656.076020185,18,10359929.071295822,2727.0047243634722,109.85034580053984,1,1.5129519817472981e-62,8.1483381418180468e-97,4.7249708255832416e-76,1.51199066902462e-68,1.7055740304166023e-110,62585.492903381724,2.7233135671451364e-61,8.5049474860498347e-75,2.7215832042443159e-67,6.826690776767758e-55,1.51199066902462e-68,1.5894328134817115e-68,1.8238454662283392e-82,5.2560145722621244e-68,3.2829218392110106e-81,1.0505349919089664e-73,1.3175561799382951e-61,5.8363055106053684e-75,5.51069301942949e-56,8.8171088592996746e-49,9.9192474349730836e-55,62585.492903381724,8.8171193296177289e-49,62585.492903381724,1,0
2.0000000000000002e-05,10000000000000000,182.1297151325987,8.0000000000000007e-05,0.00055560112833593625,0.0018918457518080005,3.5790803486339784e-06,1,6.6233741808145847e+81,2.746258645013496,528.58431986028427,1,173.1717173937821,199493818437636.94,1.7732783861123286e+17,951148.65192901623,10362656.076020185,18,10359929.071295822,2727.0047243634722,109.85034580053984,1,1.5129519817472982e-64,8.1483381418180461e-99,4.7249708255832414e-80,1.5119906690246201e-72,1.7055740304166019e-114,625.85492903381726,2.7233135671451362e-63,8.5049474860498333e-79,2.721583204244316e-71,6.826690776767757e-57,1.5119906690246201e-72,1.5894328134817113e-70,1.8238454662283392e-86,5.2560145722621242e-70,3.2829218392110099e-85,1.0505349919089663e-77,1.3175561799382948e-63,5.8363055106053687e-79,5.5106930194294913e-58,8.8171088592996769e-51,9.9192474349730845e-57,625.85492903381726,8.8171193296177308e-51,625.85492903381726,1,0
2.0000000000000002e-05,1e+18,186.73488531858681,8.0000000000000007e-05,0.00055560112833593625,0.0018918457518080005,3.5790803486339784e-06,1,6.623374180814584e+83,2.746258645013496,528.58431986028427,1,173.1717173937821,199493818437636.94,1.7732783861123286e+17,951148.65192901623,10362656.076020185,18,10359929.071295822,2727.0047243634722,109.85034580053984,1,1.5129519817472982e-66,8.1483381418180466e-101,4.724970825583241e-84,1.5119906690246202e-76,1.7055740304166023e-118,6.2585492903381716,2.7233135671451364e-65,8.5049474860498328e-83,2.7215832042443163e-75,6.8266907767677577e-59,1.5119906690246202e-76,1.5894328134817112e-72,1.8238454662283393e-90,5.2560145722621242e-72,3.2829218392110102e-89,1.0505349919089661e-81,1.3175561799382951e-65,5.8363055106053676e-83,5.5106930194294901e-60,8.8171088592996749e-53,9.919247434973083e-59,6.2585492903381716,8.8171193296177299e-53,6.2585492903381716,1,0
2.0000000000000002e-05,1e+20,191.34005550457491,8.0000000000000007e-05,0.00055560112833593625,0.0018918457518080005,3.5790803486339784e-06,1,6.6233741808145848e+85,2.746258645013496,528.58431986028427,1,173.1717173937821,199493818437636.94,1.7732783861123286e+17,951148.65192901623,10362656.076020185,18,10359929.071295822,2727.0047243634722,109.85034580053984,1,1.512951981747298e-68,8.1483381418180456e-103,4.7249708255832414e-88,1.5119906690246202e-80,1.7055740304166021e-122,0.062585492903381737,2.7233135671451362e-67,8.5049474860498333e-87,2.721583204244316e-79,6.8266907767677583e-61,1.5119906690246202e-80,1.5894328134817113e-74,1.823845466228339e-94,5.2560145722621242e-74,3.2829218392110103e-93,1.0505349919089661e-85,1.317556179938295e-67,5.836305510605368e-87,5.5106930194294905e-62,8.817108859299674e-55,9.9192474349730833e-61,0.062585492903381737,8.8171193296177281e-55,0.062585492903381737,1,1
2.0000000000000002e-05,9.9999999999999998e+23,200.55039587655108,8.0000000000000007e-05,0.00055560112833593625,0.0018918457518080005,3.5790803486339784e-06,1,6.6233741808145846e+89,2.746258645013496,528.58431986028427,1,173.1717173937821,199493818437636.94,1.7732783861123286e+17,951148.65192901623,10362656.076020185,18,10359929.071295822,2727.0047243634722,109.85034580053984,1,1.5129519817472981e-72,8.1483381418180459e-107,4.7249708255832408e-96,1.5119906690246202e-88,1.7055740304166018e-130,6.2585492903381721e-06,2.7233135671451363e-71,8.5049474860498339e-95,2.7215832042443156e-87,6.8266907767677573e-65,1.5119906690246202e-88,1.5894328134817114e-78,1.8238454662283392e-102,5.2560145722621248e-78,3.2829218392110106e-101,1.0505349919089662e-93,1.3175561799382951e-71,5.8363055106053684e-95,5.5106930194294904e-66,8.8171088592996765e-59,9.9192474349730834e-65,6.2585492903381721e-06,8.817119329617731e-59,6.2585492903381721e-06,1,1
2.0000000000000002e-05,9.9999999999999996e+27,209.76073624852725,8.0000000000000007e-05,0.00055560112833593625,0.0018918457518080005,3.5790803486339784e-06,1,6.6233741808145848e+93,2.746258645013496,528.58431986028427,1,173.1717173937821,199493818437636.94,1.7732783861123286e+17,951148.65192901623,10362656.076020185,18,10359929.071295822,2727.0047243634722,109.85034580053984,1,1.5129519817472982e-76,8.148338141818046e-111,4.7249708255832407e-104,1.5119906690246198e-96,1.7055740304166026e-138,6.2585492903381727e-10,2.7233135671451364e-75,8.5049474860498327e-103,2.7215832042443155e-95,6.8266907767677578e-69,1.5119906690246198e-96,1.5894328134817115e-82,1.8238454662283394e-110,5.2560145722621237e-82,3.2829218392110102e-109,1.0505349919089663e-101,1.317556179938295e-75,5.8363055106053678e-103,5.5106930194294911e-70,8.8171088592996767e-63,9.9192474349730831e-69,6.2585492903381727e-10,8.8171193296177311e-63,6.2585492903381727e-10,1,1
2.0000000000000002e-05,1.0000000000000001e+32,218.97107662050345,8.0000000000000007e-05,0.00055560112833593625,0.0018918457518080005,3.5790803486339784e-06,1,6.623374180814586e+97,2.746258645013496,528.58431986028427,1,173.1717173937821,199493818437636.94,1.7732783861123286e+17,951148.65192901623,10362656.076020185,18,10359929.071295822,2727.0047243634722,109.85034580053984,1,1.5129519817472982e-80,8.1483381418180476e-115,4.7249708255832398e-112,1.5119906690246196e-104,1.7055740304166018e-146,6.2585492903381716e-14,2.7233135671451362e-79,8.504947486049831e-111,2.7215832042443149e-103,6.8266907767677571e-73,1.5119906690246196e-104,1.5894328134817112e-86,1.8238454662283388e-118,5.256014572262124e-86,3.2829218392110101e-117,1.0505349919089659e-109,1.3175561799382948e-79,5.8363055106053666e-111,5.5106930194294903e-74,8.8171088592996753e-67,9.9192474349730814e-73,6.2585492903381716e-14,8.8171193296177305e-67,6.2585492903381716e-14,1,1
2.0000000000000002e-05,1e+36,228.18141699247963,8.0000000000000007e-05,0.00055560112833593625,0.0018918457518080005,3.5790803486339784e-06,1,6.6233741808145853e+101,2.746258645013496,528.58431986028427,1,173.1717173937821,199493818437636.94,1.7732783861123286e+17,951148.65192901623,10362656.076020185,18,10359929.071295822,2727.0047243634722,109.85034580053984,1,1.5129519817472981e-84,8.1483381418180453e-119,4.7249708255832405e-120,1.5119906690246195e-112,1.705574030416602e-154,6.2585492903381717e-18,2.7233135671451362e-83,8.504947486049832e-119,2.7215832042443149e-111,6.826690776767757e-77,1.5119906690246195e-112,1.5894328134817112e-90,1.8238454662283387e-126,5.2560145722621235e-90,3.2829218392110099e-125,1.0505349919089659e-117,1.3175561799382949e-83,5.8363055106053671e-119,5.5106930194294896e-78,8.817108859299674e-71,9.9192474349730829e-77,6.2585492903381717e-18,8.8171193296177279e-71,6.2585492903381717e-18,1,1
2.0000000000000002e-05,1e+40,237.3917573644558,8.0000000000000007e-05,0.00055560112833593625,0.0018918457518080005,3.5790803486339784e-06,1,6.6233741808145856e+105,2.746258645013496,528.58431986028427,1,173.1717173937821,199493818437636.94,1.7732783861123286e+17,951148.65192901623,10362656.076020185,18,10359929.071295822,2727.0047243634722,109.85034580053984,1,1.512951981747298e-88,8.1483381418180462e-123,4.7249708255832401e-128,1.5119906690246198e-120,1.7055740304166018e-162,6.2585492903381722e-22,2.723313567145136e-87,8.5049474860498302e-127,2.7215832042443155e-119,6.8266907767677568e-81,1.5119906690246198e-120,1.5894328134817111e-94,1.8238454662283387e-134,5.2560145722621227e-94,3.2829218392110098e-133,1.0505349919089659e-125,1.3175561799382947e-87,5.8363055106053674e-127,5.5106930194294893e-82,8.8171088592996738e-75,9.9192474349730803e-81,6.2585492903381722e-22,8.817119329617729e-75,6.2585492903381722e-22,1,1
5.0000000000000002e-05,1,145.28835364469398,0.00020000000000000001,0.00055560112833593625,0.00097903587200000048,9.5851123866280129e-07,1,1.2800251955020716e+66,7.5205286572531431,1021.4130335767712,1,173.1717173937821,79797527375054.797,70931135444493152,2604685.726571362,4488610391153.374,23,4430277331498.2344,58333059655.140106,300.82114629012574,1,6.553402232204696e-43,3.5302223735189603e-77,2.0468785041978657e-42,2.62000453776288e-35,7.388623018104932e-77,5.2390644069096262e+24,1.1796124017968451e-41,3.6843813075561581e-41,4.7160081679731838e-34,1.1830732547383574e-35,2.62000453776288e-35,1.5897097259303518e-54,1.8240643101767706e-54,5.256024911949362e-54,3.2833157583181868e-53,4.2026442546833551e-46,5.2714455104861972e-48,2.3348023637129752e-47,5.5113542496934008e-42,3.5272667903350037e-35,9.9204376494481228e-41,5.2390644069096262e+24,3.5272772619529667e-35,5.2390644069096262e+24,1,0
5.0000000000000002e-05,100,149.89352383068208,0.00020000000000000001,0.00055560112833593625,0.00097903587200000048,9.5851123866280129e-07,1,1.2800251955020717e+68,7.5205286572531431,1021.4130335767712,1,173.1717173937821,79797527375054.797,70931135444493152,2604685.726571362,4488610391153.374,23,4430277331498.2344,58333059655.140106,300.82114629012574,1,6.5534022322046951e-45,3.5302223735189595e-79,2.0468785041978656e-46,2.6200045377628797e-39,7.3886230181049318e-81,5.2390644069096265e+22,1.1796124017968452e-43,3.6843813075561581e-45,4.7160081679731831e-38,1.1830732547383574e-37,2.6200045377628797e-39,1.5897097259303516e-56,1.8240643101767707e-58,5.2560249119493614e-56,3.2833157583181871e-57,4.2026442546833553e-50,5.2714455104861969e-50,2.3348023637129756e-51,5.5113542496934002e-44,3.5272667903350039e-37,9.9204376494481219e-43,5.2390644069096265e+22,3.5272772619090494e-37,5.2390644069096265e+22,1,0
5.0000000000000002e-05,10000,154.49869401667016,0.00020000000000000001,0.00055560112833593625,0.00097903587200000048,9.5851123866280129e-07,1,1.2800251955020718e+70,7.5205286572531431,1021.4130335767712,1,173.1717173937821,79797527375054.797,70931135444493152,2604685.726571362,4488610391153.374,23,4430277331498.2344,58333059655.140106,300.82114629012574,1,6.5534022322046951e-47,3.5302223735189594e-81,2.0468785041978658e-50,2.6200045377628792e-43,7.3886230181049308e-85,5.2390644069096253e+20,1.1796124017968449e-45,3.6843813075561583e-49,4.7160081679731823e-42,1.1830732547383572e-39,2.6200045377628792e-43,1.5897097259303514e-58,1.8240643101767703e-62,5.2560249119493606e-58,3.2833157583181863e-61,4.2026442546833554e-54,5.2714455104861966e-52,2.3348023637129752e-55,5.5113542496933996e-46,3.5272667903350035e-39,9.9204376494481184e-45,5.2390644069096253e+20,3.5272772619086095e-39,5.2390644069096253e+20,1,0
5.0000000000000002e-05,1000000,159.10386420265826,0.00020000000000000001,0.00055560112833593625,0.00097903587200000048,9.5851123866280129e-07,1,1.2800251955020719e+72,7.5205286572531431,1021.4130335767712,1,173.1717173937821,79797527375054.797,70931135444493152,2604685.726571362,4488610391153.374,23,4430277331498.2344,58333059655.140106,300.82114629012574,1,6.5534022322046957e-49,3.5302223735189595e-83,2.0468785041978655e-54,2.6200045377628797e-47,7.3886230181049326e-89,5.2390644069096264e+18,1.1796124017968452e-47,3.6843813075561582e-53,4.7160081679731835e-46,1.1830732547383574e-41,2.6200045377628797e-47,1.5897097259303515e-60,1.82406431017677e-66,5.2560249119493613e-60,3.2833157583181858e-65,4.2026442546833542e-58,5.2714455104861963e-54,2.3348023637129747e-59,5.5113542496934001e-48,3.5272667903350034e-41,9.9204376494481214e-47,5.2390644069096264e+18,3.5272772619086049e-41,5.2390644069096264e+18,1,0
5.0000000000000002e-05,100000000,163.70903438864636,0.00020000000000000001,0.00055560112833593625,0.00097903587200000048,9.5851123866280129e-07,1,1.2800251955020718e+74,7.5205286572531431,1021.4130335767712,1,173.1717173937821,79797527375054.797,70931135444493152,2604685.726571362,4488610391153.374,23,4430277331498.2344,58333059655.140106,300.82114629012574,1,6.5534022322046955e-51,3.53022237351896e-85,2.0468785041978656e-58,2.6200045377628798e-51,7.3886230181049304e-93,52390644069096256,1.1796124017968451e-49,3.6843813075561577e-57,4.7160081679731832e-50,1.1830732547383573e-43,2.6200045377628798e-51,1.5897097259303514e-62,1.8240643101767703e-70,5.2560249119493609e-62,3.283315758318186e-69,4.2026442546833554e-62,5.2714455104861974e-56,2.3348023637129753e-63,5.511354249693401e-50,3.5272667903350038e-43,9.9204376494481203e-49,52390644069096256,3.5272772619086055e-43,52390644069096256,1,0
5.0000000000000002e-05,10000000000,168.31420457463443,0.00020000000000000001,0.00055560112833593625,0.00097903587200000048,9.5851123866280129e-07,1,1.2800251955020717e+76,7.5205286572531431,1021.4130335767712,1,173.1717173937821,79797527375054.797,70931135444493152,2604685.726571362,4488610391153.374,23,4430277331498.2344,58333059655.140106,300.82114629012574,1,6.5534022322046957e-53,3.5302223735189604e-87,2.0468785041978661e-62,2.6200045377628801e-55,7.3886230181049328e-97,523906440690962.56,1.1796124017968453e-51,3.6843813075561582e-61,4.7160081679731843e-54,1.1830732547383574e-45,2.6200045377628801e-55,1.5897097259303514e-64,1.8240643101767702e-74,5.2560249119493618e-64,3.2833157583181866e-73,4.202644254683355e-66,5.2714455104861976e-58,2.334802363712975e-67,5.5113542496934002e-52,3.5272667903350039e-45,9.9204376494481208e-51,523906440690962.56,3.5272772619086057e-45,523906440690962.56,1,0
5.0000000000000002e-05,1000000000000,172.91937476062253,0.00020000000000000001,0.00055560112833593625,0.00097903587200000048,9.5851123866280129e-07,1,1.2800251955020718e+78,7.5205286572531431,1021.4130335767712,1,173.1717173937821,79797527375054.797,70931135444493152,2604685.726571362,4488610391153.374,23,4430277331498.2344,58333059655.140106,300.82114629012574,1,6.553402232204695e-55,3.53022237351896e-89,2.0468785041978657e-66,2.62000453776288e-59,7.3886230181049318e-101,5239064406909.627,1.179612401796845e-53,3.6843813075561581e-65,4.7160081679731835e-58,1.1830732547383574e-47,2.62000453776288e-59,1.5897097259303514e-66,1.8240643101767705e-78,5.2560249119493613e-66,3.2833157583181865e-77,4.2026442546833547e-70,5.2714455104861967e-60,2.3348023637129752e-71,5.5113542496934e-54,3.527266790335004e-47,9.9204376494481211e-53,5239064406909.627,3.5272772619086052e-47,5239064406909.627,1,0
5.0000000000000002e-05,100000000000000,177.52454494661063,0.00020000000000000001,0.00055560112833593625,0.00097903587200000048,9.5851123866280129e-07,1,1.2800251955020717e+80,7.5205286572531431,1021.4130335767712,1,173.1717173937821,79797527375054.797,70931135444493152,2604685.726571362,4488610391153.374,23,4430277331498.2344,58333059655.140106,300.82114629012574,1,6.5534022322046966e-57,3.5302223735189605e-91,2.046878504197866e-70,2.6200045377628804e-63,7.3886230181049323e-105,52390644069.096268,1.1796124017968453e-55,3.6843813075561587e-69,4.716008167973185e-62,1.1830732547383575e-49,2.6200045377628804e-63,1.5897097259303516e-68,1.8240643101767707e-82,5.2560249119493621e-68,3.2833157583181873e-81,4.2026442546833561e-74,5.2714455104861966e-62,2.3348023637129755e-75,5.5113542496934004e-56,3.5272667903350043e-49,9.9204376494481215e-55,52390644069.096268,3.5272772619086059e-49,52390644069.096268,1,0
5.0000000000000002e-05,10000000000000000,182.1297151325987,0.00020000000000000001,0.00055560112833593625,0.00097903587200000048,9.5851123866280129e-07,1,1.2800251955020716e+82,7.5205286572531431,1021.4130335767712,1,173.1717173937821,79797527375054.797,70931135444493152,2604685.726571362,4488610391153.374,23,4430277331498.2344,58333059655.140106,300.82114629012574,1,6.5534022322046955e-59,3.5302223735189599e-93,2.0468785041978662e-74,2.6200045377628802e-67,7.3886230181049328e-109,523906440.69096267,1.1796124017968452e-57,3.6843813075561586e-73,4.7160081679731844e-66,1.1830732547383575e-51,2.6200045377628802e-67,1.5897097259303517e-70,1.8240643101767707e-86,5.2560249119493615e-70,3.2833157583181863e-85,4.2026442546833551e-78,5.2714455104861972e-64,2.3348023637129753e-79,5.5113542496934016e-58,3.5272667903350041e-51,9.9204376494481216e-57,523906440.69096267,3.5272772619086052e-51,523906440.69096267,1,0
5.0000000000000002e-05,1e+18,186.73488531858681,0.00020000000000000001,0.00055560112833593625,0.00097903587200000048,9.5851123866280129e-07,1,1.2800251955020715e+84,7.5205286572531431,1021.4130335767712,1,173.1717173937821,79797527375054.797,70931135444493152,2604685.726571362,4488610391153.374,23,4430277331498.2344,58333059655.140106,300.82114629012574,1,6.5534022322046957e-61,3.5302223735189596e-95,2.0468785041978662e-78,2.6200045377628809e-71,7.3886230181049334e-113,5239064.406909626,1.1796124017968451e-59,3.6843813075561589e-77,4.7160081679731844e-70,1.1830732547383574e-53,2.6200045377628809e-71,1.5897097259303516e-72,1.8240643101767702e-90,5.2560249119493618e-72,3.2833157583181861e-89,4.2026442546833548e-82,5.271445510486197e-66,2.3348023637129748e-83,5.511354249693401e-60,3.527266790335004e-53,9.9204376494481213e-59,5239064.406909626,3.5272772619086058e-53,5239064.406909626,1,0
5.0000000000000002e-05,1e+20,191.34005550457491,0.00020000000000000001,0.00055560112833593625,0.00097903587200000048,9.5851123866280129e-07,1,1.2800251955020716e+86,7.5205286572531431,1021.4130335767712,1,173.1717173937821,79797527375054.797,70931135444493152,2604685.726571362,4488610391153.374,23,4430277331498.2344,58333059655.140106,300.82114629012574,1,6.5534022322046966e-63,3.5302223735189601e-97,2.0468785041978659e-82,2.6200045377628799e-75,7.3886230181049327e-117,52390.64406909627,1.1796124017968451e-61,3.6843813075561585e-81,4.7160081679731838e-74,1.1830732547383574e-55,2.6200045377628799e-75,1.5897097259303514e-74,1.8240643101767703e-94,5.2560249119493615e-74,3.2833157583181867e-93,4.2026442546833545e-86,5.2714455104861964e-68,2.334802363712975e-87,5.5113542496934007e-62,3.5272667903350038e-55,9.9204376494481211e-61,52390.64406909627,3.5272772619086054e-55,52390.64406909627,1,0
5.0000000000000002e-05,9.9999999999999998e+23,200.55039587655108,0.00020000000000000001,0.00055560112833593625,0.00097903587200000048,9.5851123866280129e-07,1,1.2800251955020716e+90,7.5205286572531431,1021.4130335767712,1,173.1717173937821,79797527375054.797,70931135444493152,2604685.726571362,4488610391153.374,23,4430277331498.2344,58333059655.140106,300.82114629012574,1,6.5534022322046956e-67,3.5302223735189597e-101,2.0468785041978662e-90,2.6200045377628806e-83,7.3886230181049324e-125,5.2390644069096268,1.1796124017968451e-65,3.6843813075561591e-89,4.7160081679731851e-82,1.1830732547383574e-59,2.6200045377628806e-83,1.5897097259303515e-78,1.8240643101767707e-102,5.2560249119493622e-78,3.2833157583181866e-101,4.2026442546833554e-94,5.2714455104861982e-72,2.3348023637129753e-95,5.5113542496933995e-66,3.5272667903350042e-59,9.9204376494481208e-65,5.2390644069096268,3.5272772619086056e-59,5.2390644069096268,1,0
5.0000000000000002e-05,9.9999999999999996e+27,209.76073624852725,0.00020000000000000001,0.00055560112833593625,0.00097903587200000048,9.5851123866280129e-07,1,1.2800251955020716e+94,7.5205286572531431,1021.4130335767712,1,173.1717173937821,79797527375054.797,70931135444493152,2604685.726571362,4488610391153.374,23,4430277331498.2344,58333059655.140106,300.82114629012574,1,6.5534022322046962e-71,3.5302223735189602e-105,2.0468785041978659e-98,2.6200045377628801e-91,7.3886230181049325e-133,0.00052390644069096265,1.1796124017968453e-69,3.6843813075561586e-97,4.7160081679731839e-90,1.1830732547383573e-63,2.6200045377628801e-91,1.5897097259303518e-82,1.8240643101767707e-110,5.2560249119493613e-82,3.2833157583181869e-109,4.2026442546833552e-102,5.271445510486197e-76,2.3348023637129755e-103,5.5113542496934005e-70,3.5272667903350048e-63,9.9204376494481206e-69,0.00052390644069096265,3.5272772619086064e-63,0.00052390644069096265,1,1
5.0000000000000002e-05,1.0000000000000001e+32,218.97107662050345,0.00020000000000000001,0.00055560112833593625,0.00097903587200000048,9.5851123866280129e-07,1,1.2800251955020719e+98,7.5205286572531431,1021.4130335767712,1,173.1717173937821,79797527375054.797,70931135444493152,2604685.726571362,4488610391153.374,23,4430277331498.2344,58333059655.140106,300.82114629012574,1,6.5534022322046953e-75,3.5302223735189599e-109,2.0468785041978652e-106,2.6200045377628793e-99,7.3886230181049313e-141,5.2390644069096257e-08,1.179612401796845e-73,3.6843813075561573e-105,4.7160081679731821e-98,1.1830732547383572e-67,2.6200045377628793e-99,1.5897097259303514e-86,1.8240643101767703e-118,5.256024911949361e-86,3.2833157583181862e-117,4.2026442546833536e-110,5.2714455104861967e-80,2.3348023637129749e-111,5.5113542496934002e-74,3.527266790335004e-67,9.9204376494481203e-73,5.2390644069096257e-08,3.5272772619086061e-67,5.2390644069096257e-08,1,1
5.0000000000000002e-05,1e+36,228.18141699247963,0.00020000000000000001,0.00055560112833593625,0.00097903587200000048,9.5851123866280129e-07,1,1.2800251955020717e+102,7.5205286572531431,1021.4130335767712,1,173.1717173937821,79797527375054.797,70931135444493152,2604685.726571362,4488610391153.374,23,4430277331498.2344,58333059655.140106,300.82114629012574,1,6.5534022322046953e-79,3.5302223735189595e-113,2.0468785041978652e-114,2.6200045377628792e-107,7.3886230181049312e-149,5.2390644069096269e-12,1.179612401796845e-77,3.684381307556157e-113,4.7160081679731823e-106,1.1830732547383573e-71,2.6200045377628792e-107,1.5897097259303515e-90,1.8240643101767703e-126,5.2560249119493615e-90,3.2833157583181863e-125,4.2026442546833545e-118,5.2714455104861967e-84,2.3348023637129748e-119,5.511354249693399e-78,3.5272667903350033e-71,9.9204376494481192e-77,5.2390644069096269e-12,3.5272772619086048e-71,5.2390644069096269e-12,1,1
5.0000000000000002e-05,1e+40,237.3917573644558,0.00020000000000000001,0.00055560112833593625,0.00097903587200000048,9.5851123866280129e-07,1,1.2800251955020717e+106,7.5205286572531431,1021.4130335767712,1,173.1717173937821,79797527375054.797,70931135444493152,2604685.726571362,4488610391153.374,23,4430277331498.2344,58333059655.140106,300.82114629012574,1,6.5534022322046953e-83,3.5302223735189599e-117,2.0468785041978655e-122,2.6200045377628795e-115,7.3886230181049298e-157,5.2390644069096259e-16,1.1796124017968452e-81,3.6843813075561574e-121,4.7160081679731831e-114,1.1830732547383574e-75,2.6200045377628795e-115,1.5897097259303514e-94,1.8240643101767702e-134,5.2560249119493603e-94,3.2833157583181859e-133,4.2026442546833538e-126,5.2714455104861966e-88,2.3348023637129746e-127,5.5113542496933991e-82,3.5272667903350036e-75,9.9204376494481171e-81,5.2390644069096259e-16,3.527277261908605e-75,5.2390644069096259e-16,1,1
0.0001,1,145.28835364469398,0.00025002050775117134,0.00055560112833593625,0.00059833739390103332,3.5800763694028028e-07,1.5998687611581575,2.0945594725145798e+66,29.529942663203059,2673.8572208020482,1,173.1717173937821,39898763687527.398,35465567722246576,10227501.771053579,9.9066083178861371e+26,47,9.8990357524414862e+26,7.5725654446504535e+23,1181.1977065281224,1,3.7021071108131907e-28,1.9944460329719758e-62,1.1563667161752018e-27,7.4007472147747611e-21,4.1741401450941164e-62,7.7480796707143186e+39,6.6637927994637427e-27,2.0814600891153628e-26,1.332134498659457e-19,3.3419916998699404e-21,7.4007472147747611e-21,4.069284775401899e-54,4.669072114569867e-54,1.3453227554040726e-53,8.4043298062257596e-53,5.3787712440566388e-46,6.7469947183357527e-48,2.9882062466981333e-47,3.6109167807582722e-41,1.1554934059487119e-34,6.4996502053648891e-40,7.7480796707143186e+39,1.1555002666963402e-34,7.7480796707143186e+39,1,0
0.0001,100,149.89352383068208,0.00025002050775117134,0.00055560112833593625,0.00059833739390103332,3.5800763694028028e-07,1.5998687611581575,2.0945594725145796e+68,29.529942663203059,2673.8572208020482,1,173.1717173937821,39898763687527.398,35465567722246576,10227501.771053579,9.9066083178861371e+26,47,9.8990357524414862e+26,7.5725654446504535e+23,1181.1977065281224,1,3.7021071108131902e-30,1.9944460329719752e-64,1.1563667161752016e-31,7.4007472147747624e-25,4.1741401450941168e-66,7.7480796707143189e+37,6.6637927994637427e-29,2.081460089115363e-30,1.3321344986594571e-23,3.3419916998699407e-23,7.4007472147747624e-25,4.0692847754018994e-56,4.6690721145698677e-58,1.3453227554040727e-55,8.4043298062257625e-57,5.3787712440566404e-50,6.7469947183357524e-50,2.9882062466981334e-51,3.6109167807582711e-43,1.1554934059487118e-36,6.4996502053648882e-42,7.7480796707143189e+37,1.1555002666907195e-36,7.7480796707143189e+37,1,0
0.0001,10000,154.49869401667016,0.00025002050775117134,0.00055560112833593625,0.00059833739390103332,3.5800763694028028e-07,1.5998687611581575,2.0945594725145798e+70,29.529942663203059,2673.8572208020482,1,173.1717173937821,39898763687527.398,35465567722246576,10227501.771053579,9.9066083178861371e+26,47,9.8990357524414862e+26,7.5725654446504535e+23,1181.1977065281224,1,3.7021071108131903e-32,1.9944460329719754e-66,1.1563667161752016e-35,7.4007472147747606e-29,4.1741401450941158e-70,7.7480796707143208e+35,6.6637927994637429e-31,2.0814600891153629e-34,1.3321344986594568e-27,3.3419916998699408e-25,7.4007472147747606e-29,4.0692847754018992e-58,4.6690721145698673e-62,1.3453227554040726e-57,8.4043298062257592e-61,5.3787712440566396e-54,6.7469947183357517e-52,2.9882062466981335e-55,3.6109167807582709e-45,1.1554934059487117e-38,6.4996502053648885e-44,7.7480796707143208e+35,1.1555002666906633e-38,7.7480796707143208e+35,1,0
0.0001,1000000,159.10386420265826,0.00025002050775117134,0.00055560112833593625,0.00059833739390103332,3.5800763694028028e-07,1.5998687611581575,2.0945594725145798e+72,29.529942663203059,2673.8572208020482,1,173.1717173937821,39898763687527.398,35465567722246576,10227501.771053579,9.9066083178861371e+26,47,9.8990357524414862e+26,7.5725654446504535e+23,1181.1977065281224,1,3.7021071108131904e-34,1.9944460329719753e-68,1.1563667161752017e-39,7.4007472147747606e-33,4.174140145094117e-74,7.7480796707143176e+33,6.6637927994637419e-33,2.0814600891153628e-38,1.3321344986594568e-31,3.3419916998699407e-27,7.4007472147747606e-33,4.0692847754018994e-60,4.6690721145698674e-66,1.3453227554040726e-59,8.4043298062257614e-65,5.378771244056639e-58,6.7469947183357536e-54,2.9882062466981326e-59,3.6109167807582713e-47,1.1554934059487117e-40,6.4996502053648887e-46,7.7480796707143176e+33,1.1555002666906627e-40,7.7480796707143176e+33,1,0
0.0001,100000000,163.70903438864636,0.00025002050775117134,0.00055560112833593625,0.00059833739390103332,3.5800763694028028e-07,1.5998687611581575,2.0945594725145799e+74,29.529942663203059,2673.8572208020482,1,173.1717173937821,39898763687527.398,35465567722246576,10227501.771053579,9.9066083178861371e+26,47,9.8990357524414862e+26,7.5725654446504535e+23,1181.1977065281224,1,3.7021071108131906e-36,1.9944460329719755e-70,1.1563667161752016e-43,7.4007472147747607e-37,4.1741401450941158e-78,7.748079670714318e+31,6.6637927994637423e-35,2.0814600891153626e-42,1.3321344986594569e-35,3.3419916998699407e-29,7.4007472147747607e-37,4.0692847754018992e-62,4.6690721145698665e-70,1.3453227554040724e-61,8.4043298062257582e-69,5.3787712440566391e-62,6.7469947183357521e-56,2.9882062466981327e-63,3.6109167807582714e-49,1.1554934059487116e-42,6.499650205364888e-48,7.748079670714318e+31,1.1555002666906627e-42,7.748079670714318e+31,1,0
0.0001,10000000000,168.31420457463443,0.00025002050775117134,0.00055560112833593625,0.00059833739390103332,3.5800763694028028e-07,1.5998687611581575,2.0945594725145794e+76,29.529942663203059,2673.8572208020482,1,173.1717173937821,39898763687527.398,35465567722246576,10227501.771053579,9.9066083178861371e+26,47,9.8990357524414862e+26,7.5725654446504535e+23,1181.1977065281224,1,3.7021071108131911e-38,1.9944460329719757e-72,1.1563667161752017e-47,7.4007472147747605e-41,4.1741401450941168e-82,7.7480796707143198e+29,6.663792799463743e-37,2.081460089115363e-46,1.3321344986594568e-39,3.3419916998699409e-31,7.4007472147747605e-41,4.0692847754018992e-64,4.6690721145698668e-74,1.3453227554040725e-63,8.40432980622576e-73,5.3787712440566393e-66,6.7469947183357532e-58,2.9882062466981329e-67,3.6109167807582712e-51,1.1554934059487118e-44,6.499650205364888e-50,7.7480796707143198e+29,1.1555002666906624e-44,7.7480796707143198e+29,1,0
0.0001,1000000000000,172.91937476062253,0.00025002050775117134,0.00055560112833593625,0.00059833739390103332,3.5800763694028028e-07,1.5998687611581575,2.0945594725145794e+78,29.529942663203059,2673.8572208020482,1,173.1717173937821,39898763687527.398,35465567722246576,10227501.771053579,9.9066083178861371e+26,47,9.8990357524414862e+26,7.5725654446504535e+23,1181.1977065281224,1,3.7021071108131907e-40,1.9944460329719757e-74,1.1563667161752017e-51,7.4007472147747611e-45,4.1741401450941168e-86,7.7480796707143195e+27,6.6637927994637427e-39,2.0814600891153628e-50,1.332134498659457e-43,3.3419916998699408e-33,7.4007472147747611e-45,4.0692847754018993e-66,4.6690721145698673e-78,1.3453227554040726e-65,8.4043298062257611e-77,5.3787712440566403e-70,6.746994718335753e-60,2.9882062466981338e-71,3.6109167807582713e-53,1.1554934059487118e-46,6.4996502053648893e-52,7.7480796707143195e+27,1.1555002666906628e-46,7.7480796707143195e+27,1,0
0.0001,100000000000000,177.52454494661063,0.00025002050775117134,0.00055560112833593625,0.00059833739390103332,3.5800763694028028e-07,1.5998687611581575,2.0945594725145796e+80,29.529942663203059,2673.8572208020482,1,173.1717173937821,39898763687527.398,35465567722246576,10227501.771053579,9.9066083178861371e+26,47,9.8990357524414862e+26,7.5725654446504535e+23,1181.1977065281224,1,3.702107110813191e-42,1.9944460329719754e-76,1.1563667161752018e-55,7.4007472147747615e-49,4.1741401450941172e-90,7.7480796707143193e+25,6.6637927994637431e-41,2.081460089115363e-54,1.3321344986594569e-47,3.3419916998699415e-35,7.4007472147747615e-49,4.0692847754018999e-68,4.6690721145698677e-82,1.3453227554040729e-67,8.4043298062257611e-81,5.3787712440566408e-74,6.7469947183357533e-62,2.9882062466981342e-75,3.6109167807582717e-55,1.155493405948712e-48,6.4996502053648895e-54,7.7480796707143193e+25,1.155500266690663e-48,7.7480796707143193e+25,1,0
0.0001,10000000000000000,182.1297151325987,0.00025002050775117134,0.00055560112833593625,0.00059833739390103332,3.5800763694028028e-07,1.5998687611581575,2.0945594725145797e+82,29.529942663203059,2673.8572208020482,1,173.1717173937821,39898763687527.398,35465567722246576,10227501.771053579,9.9066083178861371e+26,47,9.8990357524414862e+26,7.5725654446504535e+23,1181.1977065281224,1,3.7021071108131912e-44,1.9944460329719757e-78,1.156366716175202e-59,7.400747214774762e-53,4.1741401450941173e-94,7.7480796707143205e+23,6.663792799463744e-43,2.0814600891153636e-58,1.3321344986594571e-51,3.3419916998699413e-37,7.400747214774762e-53,4.0692847754019e-70,4.6690721145698679e-86,1.3453227554040728e-69,8.4043298062257617e-85,5.3787712440566407e-78,6.7469947183357527e-64,2.9882062466981337e-79,3.6109167807582717e-57,1.1554934059487119e-50,6.4996502053648893e-56,7.7480796707143205e+23,1.1555002666906628e-50,7.7480796707143205e+23,1,0
0.0001,1e+18,186.73488531858681,0.00025002050775117134,0.00055560112833593625,0.00059833739390103332,3.5800763694028028e-07,1.5998687611581575,2.0945594725145797e+84,29.529942663203059,2673.8572208020482,1,173.1717173937821,39898763687527.398,35465567722246576,10227501.771053579,9.9066083178861371e+26,47,9.8990357524414862e+26,7.5725654446504535e+23,1181.1977065281224,1,3.7021071108131909e-46,1.9944460329719753e-80,1.1563667161752016e-63,7.4007472147747613e-57,4.1741401450941172e-98,7.7480796707143182e+21,6.6637927994637424e-45,2.0814600891153631e-62,1.332134498659457e-55,3.3419916998699406e-39,7.4007472147747613e-57,4.0692847754018997e-72,4.6690721145698676e-90,1.3453227554040727e-71,8.4043298062257614e-89,5.3787712440566407e-82,6.7469947183357535e-66,2.9882062466981338e-83,3.610916780758272e-59,1.155493405948712e-52,6.4996502053648893e-58,7.7480796707143182e+21,1.1555002666906628e-52,7.7480796707143182e+21,1,0
0.0001,1e+20,191.34005550457491,0.00025002050775117134,0.00055560112833593625,0.00059833739390103332,3.5800763694028028e-07,1.5998687611581575,2.0945594725145798e+86,29.529942663203059,2673.8572208020482,1,173.1717173937821,39898763687527.398,35465567722246576,10227501.771053579,9.9066083178861371e+26,47,9.8990357524414862e+26,7.5725654446504535e+23,1181.1977065281224,1,3.702107110813191e-48,1.9944460329719757e-82,1.1563667161752016e-67,7.4007472147747609e-61,4.1741401450941169e-102,7.7480796707143205e+19,6.6637927994637423e-47,2.0814600891153628e-66,1.3321344986594569e-59,3.3419916998699407e-41,7.4007472147747609e-61,4.0692847754018998e-74,4.6690721145698682e-94,1.3453227554040727e-73,8.4043298062257618e-93,5.3787712440566397e-86,6.7469947183357535e-68,2.9882062466981335e-87,3.6109167807582717e-61,1.1554934059487122e-54,6.4996502053648894e-60,7.7480796707143205e+19,1.1555002666906631e-54,7.7480796707143205e+19,1,0
0.0001,9.9999999999999998e+23,200.55039587655108,0.00025002050775117134,0.00055560112833593625,0.00059833739390103332,3.5800763694028028e-07,1.5998687611581575,2.0945594725145794e+90,29.529942663203059,2673.8572208020482,1,173.1717173937821,39898763687527.398,35465567722246576,10227501.771053579,9.9066083178861371e+26,47,9.8990357524414862e+26,7.5725654446504535e+23,1181.1977065281224,1,3.7021071108131913e-52,1.9944460329719758e-86,1.1563667161752019e-75,7.4007472147747627e-69,4.1741401450941167e-110,7748079670714319,6.6637927994637438e-51,2.0814600891153631e-74,1.3321344986594571e-67,3.3419916998699414e-45,7.4007472147747627e-69,4.0692847754018994e-78,4.6690721145698675e-102,1.3453227554040727e-77,8.4043298062257611e-101,5.3787712440566398e-94,6.746994718335754e-72,2.9882062466981335e-95,3.6109167807582718e-65,1.1554934059487117e-58,6.4996502053648886e-64,7748079670714319,1.1555002666906626e-58,7748079670714319,1,0
0.0001,9.9999999999999996e+27,209.76073624852725,0.00025002050775117134,0.00055560112833593625,0.00059833739390103332,3.5800763694028028e-07,1.5998687611581575,2.0945594725145796e+94,29.529942663203059,2673.8572208020482,1,173.1717173937821,39898763687527.398,35465567722246576,10227501.771053579,9.9066083178861371e+26,47,9.8990357524414862e+26,7.5725654446504535e+23,1181.1977065281224,1,3.7021071108131905e-56,1.9944460329719754e-90,1.1563667161752018e-83,7.4007472147747613e-77,4.1741401450941164e-118,774807967071.43188,6.6637927994637427e-55,2.0814600891153633e-82,1.3321344986594569e-75,3.3419916998699408e-49,7.4007472147747613e-77,4.0692847754018991e-82,4.6690721145698657e-110,1.3453227554040728e-81,8.4043298062257588e-109,5.378771244056638e-102,6.7469947183357522e-76,2.9882062466981321e-103,3.6109167807582714e-69,1.1554934059487119e-62,6.4996502053648887e-68,774807967071.43188,1.1555002666906629e-62,774807967071.43188,1,0
0.0001,1.0000000000000001e+32,218.97107662050345,0.00025002050775117134,0.00055560112833593625,0.00059833739390103332,3.5800763694028028e-07,1.5998687611581575,2.0945594725145798e+98,29.529942663203059,2673.8572208020482,1,173.1717173937821,39898763687527.398,35465567722246576,10227501.771053579,9.9066083178861371e+26,47,9.8990357524414862e+26,7.5725654446504535e+23,1181.1977065281224,1,3.7021071108131901e-60,1.9944460329719754e-94,1.1563667161752015e-91,7.4007472147747597e-85,4.1741401450941159e-126,77480796.707143188,6.6637927994637421e-59,2.0814600891153621e-90,1.3321344986594567e-83,3.3419916998699408e-53,7.4007472147747597e-85,4.0692847754018991e-86,4.6690721145698658e-118,1.3453227554040725e-85,8.4043298062257574e-117,5.3787712440566378e-110,6.7469947183357523e-80,2.9882062466981323e-111,3.6109167807582715e-73,1.1554934059487117e-66,6.499650205364888e-72,77480796.707143188,1.1555002666906626e-66,77480796.707143188,1,0
0.0001,1e+36,228.18141699247963,0.00025002050775117134,0.00055560112833593625,0.00059833739390103332,3.5800763694028028e-07,1.5998687611581575,2.0945594725145798e+102,29.529942663203059,2673.8572208020482,1,173.1717173937821,39898763687527.398,35465567722246576,10227501.771053579,9.9066083178861371e+26,47,9.8990357524414862e+26,7.5725654446504535e+23,1181.1977065281224,1,3.7021071108131901e-64,1.9944460329719752e-98,1.1563667161752015e-99,7.4007472147747602e-93,4.1741401450941156e-134,7748.079670714319,6.6637927994637423e-63,2.0814600891153623e-98,1.3321344986594568e-91,3.3419916998699402e-57,7.4007472147747602e-93,4.0692847754018997e-90,4.6690721145698669e-126,1.3453227554040726e-89,8.4043298062257588e-125,5.3787712440566379e-118,6.7469947183357525e-84,2.9882062466981328e-119,3.6109167807582706e-77,1.155493405948712e-70,6.4996502053648879e-76,7748.079670714319,1.1555002666906629e-70,7748.079670714319,1,0
0.0001,1e+40,237.3917573644558,0.00025002050775117134,0.00055560112833593625,0.00059833739390103332,3.5800763694028028e-07,1.5998687611581575,2.0945594725145796e+106,29.529942663203059,2673.8572208020482,1,173.1717173937821,39898763687527.398,35465567722246576,10227501.771053579,9.9066083178861371e+26,47,9.8990357524414862e+26,7.5725654446504535e+23,1181.1977065281224,1,3.7021071108131901e-68,1.9944460329719752e-102,1.1563667161752016e-107,7.4007472147747606e-101,4.1741401450941151e-142,0.77480796707143174,6.6637927994637415e-67,2.0814600891153625e-106,1.3321344986594565e-99,3.3419916998699409e-61,7.4007472147747606e-101,4.069284775401899e-94,4.6690721145698658e-134,1.3453227554040724e-93,8.4043298062257581e-133,5.3787712440566378e-126,6.7469947183357528e-88,2.9882062466981321e-127,3.610916780758271e-81,1.1554934059487116e-74,6.4996502053648872e-80,0.77480796707143174,1.1555002666906625e-74,0.77480796707143174,1,1
0.00020000000000000001,1,145.28835364469398,0.00025002050775117134,0.00055560112833593625,0.00059833739390103332,3.5800763694028028e-07,13.580630138917424,2.0945594725145798e+66,250.66757915948455,22697.277952786113,1,173.1717173937821,19949381843763.699,17732783861123288,86817070.355979532,2.6515549738912674e+83,140,2.6515549176552283e+83,5.6236039293832719e+75,10026.703166379382,1,7.1399595139759551e+30,0.00038465294228350668,2.2301925065011673e+31,7.1366162438038237e+37,0.00080503320810421564,1.2684589300413574e+99,1.2851927125156716e+32,4.0143465117021009e+32,1.284590923884688e+39,3.2227167824803552e+37,7.1366162438038237e+37,2.9321704303896436e-52,3.3643541672127082e-52,9.6938794418401049e-52,6.055837500982875e-51,1.9378680608676914e-44,2.4308127225066615e-46,1.0765933671487174e-45,1.874820665420355e-37,2.9997131584055456e-31,3.3746771977566388e-36,1.2684589300413574e+99,2.9997487799983956e-31,1.2684589300413574e+99,1,0
0.00020000000000000001,100,149.89352383068208,0.00025002050775117134,0.00055560112833593625,0.00059833739390103332,3.5800763694028028e-07,13.580630138917424,2.0945594725145796e+68,250.66757915948455,22697.277952786113,1,173.1717173937821,19949381843763.699,17732783861123288,86817070.355979532,2.6515549738912674e+83,140,2.6515549176552283e+83,5.6236039293832719e+75,10026.703166379382,1,7.1399595139759536e+28,3.8465294228350666e-06,2.2301925065011673e+27,7.1366162438038228e+33,8.0503320810421549e-08,1.2684589300413572e+97,1.2851927125156715e+30,4.0143465117021006e+28,1.284590923884688e+35,3.2227167824803553e+35,7.1366162438038228e+33,2.9321704303896439e-54,3.3643541672127087e-56,9.6938794418401064e-54,6.055837500982875e-55,1.9378680608676914e-48,2.4308127225066611e-48,1.0765933671487176e-49,1.8748206654203546e-39,2.9997131584055459e-33,3.3746771977566388e-38,1.2684589300413572e+97,2.9997487799981936e-33,1.2684589300413572e+97,1,0
0.00020000000000000001,10000,154.49869401667016,0.00025002050775117134,0.00055560112833593625,0.00059833739390103332,3.5800763694028028e-07,13.580630138917424,2.0945594725145798e+70,250.66757915948455,22697.277952786113,1,173.1717173937821,19949381843763.699,17732783861123288,86817070.355979532,2.6515549738912674e+83,140,2.6515549176552283e+83,5.6236039293832719e+75,10026.703166379382,1,7.1399595139759546e+26,3.8465294228350668e-08,2.2301925065011672e+23,7.1366162438038223e+29,8.0503320810421546e-12,1.2684589300413572e+95,1.2851927125156718e+28,4.0143465117021006e+24,1.2845909238846877e+31,3.2227167824803555e+33,7.1366162438038223e+29,2.9321704303896436e-56,3.3643541672127072e-60,9.6938794418401058e-56,6.0558375009828735e-59,1.937868060867691e-52,2.430812722506661e-50,1.0765933671487172e-53,1.8748206654203549e-41,2.9997131584055453e-35,3.3746771977566393e-40,1.2684589300413572e+95,2.9997487799981908e-35,1.2684589300413572e+95,1,0
0.00020000000000000001,1000000,159.10386420265826,0.00025002050775117134,0.00055560112833593625,0.00059833739390103332,3.5800763694028028e-07,13.580630138917424,2.0945594725145798e+72,250.66757915948455,22697.277952786113,1,173.1717173937821,19949381843763.699,17732783861123288,86817070.355979532,2.6515549738912674e+83,140,2.6515549176552283e+83,5.6236039293832719e+75,10026.703166379382,1,7.1399595139759539e+24,3.8465294228350666e-10,2.2301925065011671e+19,7.1366162438038209e+25,8.0503320810421559e-16,1.2684589300413573e+93,1.2851927125156716e+26,4.0143465117021005e+20,1.2845909238846878e+27,3.2227167824803555e+31,7.1366162438038209e+25,2.9321704303896436e-58,3.3643541672127084e-64,9.6938794418401052e-58,6.0558375009828742e-63,1.9378680608676914e-56,2.4308127225066611e-52,1.0765933671487174e-57,1.8748206654203547e-43,2.9997131584055454e-37,3.3746771977566384e-42,1.2684589300413573e+93,2.9997487799981911e-37,1.2684589300413573e+93,1,0
0.00020000000000000001,100000000,163.70903438864636,0.00025002050775117134,0.00055560112833593625,0.00059833739390103332,3.5800763694028028e-07,13.580630138917424,2.0945594725145799e+74,250.66757915948455,22697.277952786113,1,173.1717173937821,19949381843763.699,17732783861123288,86817070.355979532,2.6515549738912674e+83,140,2.6515549176552283e+83,5.6236039293832719e+75,10026.703166379382,1,7.1399595139759551e+22,3.846529422835067e-12,2230192506501167.5,7.1366162438038214e+21,8.0503320810421554e-20,1.2684589300413573e+91,1.2851927125156718e+24,40143465117021008,1.2845909238846881e+23,3.2227167824803555e+29,7.1366162438038214e+21,2.9321704303896438e-60,3.3643541672127082e-68,9.6938794418401054e-60,6.0558375009828739e-67,1.9378680608676913e-60,2.4308127225066616e-54,1.0765933671487174e-61,1.8748206654203547e-45,2.999713158405546e-39,3.3746771977566385e-44,1.2684589300413573e+91,2.999748779998191e-39,1.2684589300413573e+91,1,0
0.00020000000000000001,10000000000,168.31420457463443,0.00025002050775117134,0.00055560112833593625,0.00059833739390103332,3.5800763694028028e-07,13.580630138917424,2.0945594725145794e+76,250.66757915948455,22697.277952786113,1,173.1717173937821,19949381843763.699,17732783861123288,86817070.355979532,2.6515549738912674e+83,140,2.6515549176552283e+83,5.6236039293832719e+75,10026.703166379382,1,7.1399595139759551e+20,3.8465294228350671e-14,223019250650.11676,7.1366162438038234e+17,8.0503320810421559e-24,1.2684589300413576e+89,1.2851927125156717e+22,4014346511702.1016,1.2845909238846882e+19,3.2227167824803558e+27,7.1366162438038234e+17,2.9321704303896436e-62,3.3643541672127086e-72,9.6938794418401054e-62,6.055837500982876e-71,1.9378680608676913e-64,2.4308127225066614e-56,1.0765933671487177e-65,1.8748206654203549e-47,2.9997131584055462e-41,3.3746771977566389e-46,1.2684589300413576e+89,2.9997487799981915e-41,1.2684589300413576e+89,1,0
0.00020000000000000001,1000000000000,172.91937476062253,0.00025002050775117134,0.00055560112833593625,0.00059833739390103332,3.5800763694028028e-07,13.580630138917424,2.0945594725145794e+78,250.66757915948455,22697.277952786113,1,173.1717173937821,19949381843763.699,17732783861123288,86817070.355979532,2.6515549738912674e+83,140,2.6515549176552283e+83,5.6236039293832719e+75,10026.703166379382,1,7.1399595139759544e+18,3.8465294228350665e-16,22301925.065011676,71366162438038.234,8.0503320810421542e-28,1.2684589300413573e+87,1.2851927125156717e+20,401434651.17021006,1284590923884688,3.2227167824803554e+25,71366162438038.234,2.9321704303896434e-64,3.3643541672127084e-76,9.6938794418401066e-64,6.0558375009828745e-75,1.9378680608676915e-68,2.4308127225066611e-58,1.0765933671487174e-69,1.8748206654203553e-49,2.9997131584055458e-43,3.3746771977566388e-48,1.2684589300413573e+87,2.9997487799981913e-43,1.2684589300413573e+87,1,0
0.00020000000000000001,100000000000000,177.52454494661063,0.00025002050775117134,0.00055560112833593625,0.00059833739390103332,3.5800763694028028e-07,13.580630138917424,2.0945594725145796e+80,250.66757915948455,22697.277952786113,1,173.1717173937821,19949381843763.699,17732783861123288,86817070.355979532,2.6515549738912674e+83,140,2.6515549176552283e+83,5.6236039293832719e+75,10026.703166379382,1,71399595139759544,3.8465294228350674e-18,2230.1925065011678,7136616243.8038235,8.0503320810421573e-32,1.2684589300413573e+85,1.2851927125156718e+18,40143.46511702102,128459092388.46881,3.2227167824803554e+23,7136616243.8038235,2.9321704303896436e-66,3.3643541672127093e-80,9.6938794418401061e-66,6.0558375009828757e-79,1.9378680608676915e-72,2.4308127225066612e-60,1.0765933671487176e-73,1.8748206654203548e-51,2.9997131584055461e-45,3.3746771977566389e-50,1.2684589300413573e+85,2.9997487799981915e-45,1.2684589300413573e+85,1,0
0.00020000000000000001,10000000000000000,182.1297151325987,0.00025002050775117134,0.00055560112833593625,0.00059833739390103332,3.5800763694028028e-07,13.580630138917424,2.0945594725145797e+82,250.66757915948455,22697.277952786113,1,173.1717173937821,19949381843763.699,17732783861123288,86817070.355979532,2.6515549738912674e+83,140,2.6515549176552283e+83,5.6236039293832719e+75,10026.703166379382,1,713995951397595.5,3.8465294228350672e-20,0.22301925065011677,713661.62438038236,8.0503320810421569e-36,1.2684589300413573e+83,12851927125156718,4.0143465117021018,12845909.238846881,3.222716782480355e+21,713661.62438038236,2.9321704303896439e-68,3.3643541672127089e-84,9.6938794418401054e-68,6.0558375009828753e-83,1.9378680608676917e-76,2.4308127225066613e-62,1.0765933671487177e-77,1.8748206654203547e-53,2.9997131584055463e-47,3.374677197756639e-52,1.2684589300413573e+83,2.9997487799981915e-47,1.2684589300413573e+83,1,0
0.00020000000000000001,1e+18,186.73488531858681,0.00025002050775117134,0.00055560112833593625,0.00059833739390103332,3.5800763694028028e-07,13.580630138917424,2.0945594725145797e+84,250.66757915948455,22697.277952786113,1,173.1717173937821,19949381843763.699,17732783861123288,86817070.355979532,2.6515549738912674e+83,140,2.6515549176552283e+83,5.6236039293832719e+75,10026.703166379382,1,7139959513975.9561,3.8465294228350672e-22,2.2301925065011682e-05,71.366162438038245,8.0503320810421557e-40,1.2684589300413576e+81,128519271251567.19,0.00040143465117021025,1284.5909238846884,3.2227167824803557e+19,71.366162438038245,2.9321704303896439e-70,3.3643541672127089e-88,9.6938794418401073e-70,6.0558375009828761e-87,1.9378680608676916e-80,2.4308127225066615e-64,1.0765933671487176e-81,1.8748206654203555e-55,2.9997131584055465e-49,3.3746771977566396e-54,1.2684589300413576e+81,2.9997487799981918e-49,1.2684589300413576e+81,1,0
0.00020000000000000001,1e+20,191.34005550457491,0.00025002050775117134,0.00055560112833593625,0.00059833739390103332,3.5800763694028028e-07,13.580630138917424,2.0945594725145798e+86,250.66757915948455,22697.277952786113,1,173.1717173937821,19949381843763.699,17732783861123288,86817070.355979532,2.6515549738912674e+83,140,2.6515549176552283e+83,5.6236039293832719e+75,10026.703166379382,1,71399595139.759537,3.8465294228350672e-24,2.2301925065011678e-09,0.0071366162438038236,8.0503320810421571e-44,1.2684589300413572e+79,1285192712515.6716,4.0143465117021013e-08,0.12845909238846881,3.2227167824803552e+17,0.0071366162438038236,2.9321704303896435e-72,3.3643541672127085e-92,9.6938794418401048e-72,6.0558375009828752e-91,1.9378680608676917e-84,2.430812722506661e-66,1.0765933671487175e-85,1.874820665420355e-57,2.9997131584055454e-51,3.3746771977566385e-56,1.2684589300413572e+79,2.9997487799981909e-51,1.2684589300413572e+79,1,0
0.00020000000000000001,9.9999999999999998e+23,200.55039587655108,0.00025002050775117134,0.00055560112833593625,0.00059833739390103332,3.5800763694028028e-07,13.580630138917424,2.0945594725145794e+90,250.66757915948455,22697.277952786113,1,173.1717173937821,19949381843763.699,17732783861123288,86817070.355979532,2.6515549738912674e+83,140,2.6515549176552283e+83,5.6236039293832719e+75,10026.703166379382,1,7139959.5139759555,3.8465294228350675e-28,2.2301925065011677e-17,7.1366162438038239e-11,8.050332081042155e-52,1.2684589300413571e+75,128519271.25156718,4.0143465117021012e-16,1.2845909238846883e-09,32227167824803.551,7.1366162438038239e-11,2.932170430389644e-76,3.3643541672127088e-100,9.6938794418401056e-76,6.0558375009828761e-99,1.9378680608676915e-92,2.4308127225066614e-70,1.0765933671487176e-93,1.874820665420355e-61,2.9997131584055455e-55,3.3746771977566387e-60,1.2684589300413571e+75,2.9997487799981909e-55,1.2684589300413571e+75,1,0
0.00020000000000000001,9.9999999999999996e+27,209.76073624852725,0.00025002050775117134,0.00055560112833593625,0.00059833739390103332,3.5800763694028028e-07,13.580630138917424,2.0945594725145796e+94,250.66757915948455,22697.277952786113,1,173.1717173937821,19949381843763.699,17732783861123288,86817070.355979532,2.6515549738912674e+83,140,2.6515549176552283e+83,5.6236039293832719e+75,10026.703166379382,1,713.99595139759549,3.8465294228350669e-32,2.2301925065011669e-25,7.1366162438038227e-19,8.0503320810421538e-60,1.2684589300413572e+71,12851.927125156719,4.0143465117021003e-24,1.2845909238846879e-17,3222716782.4803553,7.1366162438038227e-19,2.9321704303896438e-80,3.3643541672127088e-108,9.6938794418401076e-80,6.0558375009828755e-107,1.9378680608676914e-100,2.4308127225066614e-74,1.0765933671487176e-101,1.8748206654203551e-65,2.9997131584055462e-59,3.3746771977566396e-64,1.2684589300413572e+71,2.9997487799981913e-59,1.2684589300413572e+71,1,0
0.00020000000000000001,1.0000000000000001e+32,218.97107662050345,0.00025002050775117134,0.00055560112833593625,0.00059833739390103332,3.5800763694028028e-07,13.580630138917424,2.0945594725145798e+98,250.66757915948455,22697.277952786113,1,173.1717173937821,19949381843763.699,17732783861123288,86817070.355979532,2.6515549738912674e+83,140,2.6515549176552283e+83,5.6236039293832719e+75,10026.703166379382,1,0.071399595139759547,3.846529422835067e-36,2.2301925065011674e-33,7.136616243803821e-27,8.0503320810421549e-68,1.2684589300413572e+67,1.2851927125156717,4.0143465117021004e-32,1.2845909238846877e-25,322271.67824803549,7.136616243803821e-27,2.9321704303896427e-84,3.3643541672127076e-116,9.6938794418401047e-84,6.0558375009828731e-115,1.9378680608676908e-108,2.430812722506661e-78,1.076593367148717e-109,1.8748206654203543e-69,2.9997131584055452e-63,3.3746771977566386e-68,1.2684589300413572e+67,2.9997487799981906e-63,1.2684589300413572e+67,1,0
0.00020000000000000001,1e+36,228.18141699247963,0.00025002050775117134,0.00055560112833593625,0.00059833739390103332,3.5800763694028028e-07,13.580630138917424,2.0945594725145798e+102,250.66757915948455,22697.277952786113,1,173.1717173937821,19949381843763.699,17732783861123288,86817070.355979532,2.6515549738912674e+83,140,2.6515549176552283e+83,5.6236039293832719e+75,10026.703166379382,1,7.1399595139759533e-06,3.8465294228350661e-40,2.2301925065011667e-41,7.1366162438038203e-35,8.0503320810421543e-76,1.2684589300413572e+63,0.00012851927125156717,4.0143465117020999e-40,1.2845909238846876e-33,32.227167824803551,7.1366162438038203e-35,2.9321704303896431e-88,3.3643541672127074e-124,9.693879441840105e-88,6.0558375009828733e-123,1.9378680608676909e-116,2.4308127225066613e-82,1.0765933671487174e-117,1.8748206654203545e-73,2.9997131584055451e-67,3.3746771977566379e-72,1.2684589300413572e+63,2.9997487799981908e-67,1.2684589300413572e+63,1,0
0.00020000000000000001,1e+40,237.3917573644558,0.00025002050775117134,0.00055560112833593625,0.00059833739390103332,3.5800763694028028e-07,13.580630138917424,2.0945594725145796e+106,250.66757915948455,22697.277952786113,1,173.1717173937821,19949381843763.699,17732783861123288,86817070.355979532,2.6515549738912674e+83,140,2.6515549176552283e+83,5.6236039293832719e+75,10026.703166379382,1,7.1399595139759544e-10,3.8465294228350667e-44,2.2301925065011674e-49,7.1366162438038234e-43,8.0503320810421531e-84,1.2684589300413569e+59,1.2851927125156716e-08,4.0143465117021008e-48,1.2845909238846881e-41,0.0032227167824803553,7.1366162438038234e-43,2.9321704303896434e-92,3.3643541672127084e-132,9.6938794418401049e-92,6.0558375009828754e-131,1.9378680608676914e-124,2.4308127225066611e-86,1.0765933671487173e-125,1.8748206654203549e-77,2.9997131584055454e-71,3.3746771977566389e-76,1.2684589300413569e+59,2.9997487799981906e-71,1.2684589300413569e+59,1,0
