rho,lambda_factor,log_Lambda,b2_certificate,ball_radius,S0_Ymax,S0_exit,S1_exit,phi0_lower,phi_correction_sup,phi_lower,endpoint_phi_error,endpoint_DXphi_error,unperturbed_azimuthal_shear,perturbed_azimuthal_shear,endpoint_cex,log_C_chosen,log_C_required_axial,log_C_axial_margin,phi_positive,azimuthal_branch_certified,axial_branch_certified,B19_certified,proposition_b3_certificate
1.0000000000000001e-05,1,145.28778036016541,0,1,1.0565403893938534,1.0550188771985236,0.060698879372524904,nan,nan,nan,nan,nan,nan,nan,0,nan,nan,nan,0,0,0,0,0
1.0000000000000001e-05,10,147.59036545315945,0,1,1.0565403893938534,1.0550188771985236,0.060698879372524904,nan,nan,nan,nan,nan,nan,nan,0,nan,nan,nan,0,0,0,0,0
1.0000000000000001e-05,100,149.89295054615351,0,1,1.0565403893938534,1.0550188771985236,0.060698879372524904,nan,nan,nan,nan,nan,nan,nan,0,nan,nan,nan,0,0,0,0,0
1.0000000000000001e-05,1000,152.19553563914755,0,1,1.0565403893938534,1.0550188771985236,0.060698879372524904,nan,nan,nan,nan,nan,nan,nan,0,nan,nan,nan,0,0,0,0,0
1.0000000000000001e-05,10000,154.49812073214159,0,1,1.0565403893938534,1.0550188771985236,0.060698879372524904,nan,nan,nan,nan,nan,nan,nan,0,nan,nan,nan,0,0,0,0,0
1.0000000000000001e-05,100000,156.80070582513565,0,1,1.0565403893938534,1.0550188771985236,0.060698879372524904,nan,nan,nan,nan,nan,nan,nan,0,nan,nan,nan,0,0,0,0,0
1.0000000000000001e-05,1000000,159.10329091812969,0,1,1.0565403893938534,1.0550188771985236,0.060698879372524904,nan,nan,nan,nan,nan,nan,nan,0,nan,nan,nan,0,0,0,0,0
1.0000000000000001e-05,10000000,161.40587601112372,0,1,1.0565403893938534,1.0550188771985236,0.060698879372524904,nan,nan,nan,nan,nan,nan,nan,0,nan,nan,nan,0,0,0,0,0
1.0000000000000001e-05,100000000,163.70846110411779,0,1,1.0565403893938534,1.0550188771985236,0.060698879372524904,nan,nan,nan,nan,nan,nan,nan,0,nan,nan,nan,0,0,0,0,0
1.0000000000000001e-05,1000000000,166.01104619711182,0,1,1.0565403893938534,1.0550188771985236,0.060698879372524904,nan,nan,nan,nan,nan,nan,nan,0,nan,nan,nan,0,0,0,0,0
1.0000000000000001e-05,10000000000,168.31363129010586,0,1,1.0565403893938534,1.0550188771985236,0.060698879372524904,nan,nan,nan,nan,nan,nan,nan,0,nan,nan,nan,0,0,0,0,0
1.0000000000000001e-05,100000000000,170.61621638309992,0,1,1.0565403893938534,1.0550188771985236,0.060698879372524904,nan,nan,nan,nan,nan,nan,nan,0,nan,nan,nan,0,0,0,0,0
1.0000000000000001e-05,1000000000000,172.91880147609396,0,1,1.0565403893938534,1.0550188771985236,0.060698879372524904,nan,nan,nan,nan,nan,nan,nan,0,nan,nan,nan,0,0,0,0,0
1.0000000000000001e-05,10000000000000,175.221386569088,0,1,1.0565403893938534,1.0550188771985236,0.060698879372524904,nan,nan,nan,nan,nan,nan,nan,0,nan,nan,nan,0,0,0,0,0
1.0000000000000001e-05,100000000000000,177.52397166208206,0,1,1.0565403893938534,1.0550188771985236,0.060698879372524904,nan,nan,nan,nan,nan,nan,nan,0,nan,nan,nan,0,0,0,0,0
1.0000000000000001e-05,1000000000000000,179.8265567550761,0,1,1.0565403893938534,1.0550188771985236,0.060698879372524904,nan,nan,nan,nan,nan,nan,nan,0,nan,nan,nan,0,0,0,0,0
1.0000000000000001e-05,10000000000000000,182.12914184807013,0,1,1.0565403893938534,1.0550188771985236,0.060698879372524904,nan,nan,nan,nan,nan,nan,nan,0,nan,nan,nan,0,0,0,0,0
1.0000000000000001e-05,1e+17,184.4317269410642,0,1,1.0565403893938534,1.0550188771985236,0.060698879372524904,nan,nan,nan,nan,nan,nan,nan,0,nan,nan,nan,0,0,0,0,0
1.0000000000000001e-05,1e+18,186.73431203405823,0,1,1.0565403893938534,1.0550188771985236,0.060698879372524904,nan,nan,nan,nan,nan,nan,nan,0,nan,nan,nan,0,0,0,0,0
1.0000000000000001e-05,1e+19,189.03689712705227,0,1,1.0565403893938534,1.0550188771985236,0.060698879372524904,nan,nan,nan,nan,nan,nan,nan,0,nan,nan,nan,0,0,0,0,0
1.0000000000000001e-05,1e+20,191.33948222004634,0,1,1.0565403893938534,1.0550188771985236,0.060698879372524904,nan,nan,nan,nan,nan,nan,nan,0,nan,nan,nan,0,0,0,0,0
1.0000000000000001e-05,1e+21,193.64206731304037,1,3687838.3238751525,1.0565403893938534,1.0550188771985236,0.060698879372524904,nan,nan,nan,nan,nan,nan,nan,0,nan,nan,nan,0,0,0,0,0
1.0000000000000001e-05,1e+22,195.94465240603441,1,141645.38940449394,1.0565403893938534,1.0550188771985236,0.060698879372524904,nan,nan,nan,nan,nan,nan,nan,0,nan,nan,nan,0,0,0,0,0
1.0000000000000001e-05,9.9999999999999992e+22,198.24723749902847,1,13342.743177127924,1.0565403893938534,1.0550188771985236,0.060698879372524904,nan,nan,nan,nan,nan,nan,nan,0,nan,nan,nan,0,0,0,0,0
1.0000000000000001e-05,9.9999999999999998e+23,200.54982259202251,1,1326.5778016335739,1.0565403893938534,1.0550188771985236,0.060698879372524904,nan,nan,nan,nan,nan,nan,nan,0,nan,nan,nan,0,0,0,0,0
1.0000000000000001e-05,9.9999999999999988e+24,202.85240768501654,1,132.58130307634582,1.0565403893938534,1.0550188771985236,0.060698879372524904,nan,nan,nan,nan,nan,nan,nan,0,nan,nan,nan,0,0,0,0,0
1.0000000000000001e-05,9.9999999999999988e+25,205.15499277801061,1,13.257366021715171,1.0565403893938534,1.0550188771985236,0.060698879372524904,nan,nan,nan,nan,nan,nan,nan,0,nan,nan,nan,0,0,0,0,0
1.0000000000000001e-05,9.9999999999999988e+26,207.45757787100464,1,1.3257289597969639,1.0565403893938534,1.0550188771985236,0.060698879372524904,nan,nan,nan,nan,nan,nan,nan,0,nan,nan,nan,0,0,0,0,0
1.0000000000000001e-05,9.9999999999999996e+27,209.76016296399868,1,0.13257281955643541,1.0565403893938534,1.0550188771985236,0.060698879372524904,0.26500000000000001,0.14006853839719732,0.12493146160280269,0.13986682723547295,0.0080470215823315837,3.326818903256771,2.1377719980377492,0.1377719980377492,5.7026137929827761e+93,8.3398243375995614e+90,5.6942739686451762e+93,1,1,1,1,1
1.0000000000000001e-05,9.9999999999999991e+28,212.06274805699275,1,0.013257281191411422,1.0565403893938534,1.0550188771985236,0.060698879372524904,0.26500000000000001,0.014006853032277633,0.2509931469677224,0.013986681917267985,0.0008047021118451252,3.326818903256771,3.1542638490546753,0.29999999999999999,5.7026137929827757e+94,8.3398243375995599e+91,5.6942739686451765e+94,1,1,1,1,1
1.0000000000000001e-05,9.9999999999999988e+29,214.36533314998678,1,0.0013257281114988214,1.0565403893938534,1.0550188771985236,0.060698879372524904,0.26500000000000001,0.0014006852951533428,0.26359931470484665,0.0013986681836640057,8.0470210720632207e-05,3.326818903256771,3.3087480314800417,0.29999999999999999,5.7026137929827763e+95,8.3398243375995605e+92,5.6942739686451764e+95,1,1,1,1,1
1.0000000000000001e-05,9.9999999999999985e+30,216.66791824298082,1,0.00013257281107345896,1.0565403893938534,1.0550188771985236,0.060698879372524904,0.26500000000000001,0.00014006852943459008,0.26485993147056541,0.00013986681828577266,8.0470210674244191e-06,3.326818903256771,3.3250032365940272,0.29999999999999999,5.7026137929827756e+96,8.3398243375995596e+93,5.6942739686451757e+96,1,1,1,1,1
1.0000000000000001e-05,9.9999999999999987e+31,218.97050333597488,1,1.3257281106581662e-05,1.0565403893938534,1.0550188771985236,0.060698879372524904,0.26500000000000001,1.4006852942651564e-05,0.26498599314705734,1.3986681827770985e-05,8.0470210669605379e-07,3.326818903256771,3.3266372503473733,0.29999999999999999,5.7026137929827758e+97,8.3398243375995596e+94,5.6942739686451764e+97,1,1,1,1,1
1.0000000000000001e-05,9.9999999999999995e+32,221.27308842896892,1,1.3257281106505234e-06,1.0565403893938534,1.0550188771985236,0.060698879372524904,0.26500000000000001,1.4006852942570815e-06,0.26499859931470576,1.3986681827690352e-06,8.0470210669141469e-08,3.326818903256771,3.3268007371029493,0.29999999999999999,5.7026137929827769e+98,8.3398243375995619e+95,5.6942739686451767e+98,1,1,1,1,1
1.0000000000000001e-05,9.9999999999999995e+33,223.57567352196295,1,1.3257281106497596e-07,1.0565403893938534,1.0550188771985236,0.060698879372524904,0.26500000000000001,1.4006852942562746e-07,0.26499985993147057,1.3986681827682293e-07,8.0470210669095108e-09,3.326818903256771,3.3268170866327593,0.29999999999999999,5.7026137929827766e+99,8.3398243375995607e+96,5.6942739686451772e+99,1,1,1,1,1
1.0000000000000001e-05,9.9999999999999997e+34,225.87825861495702,1,1.3257281106496828e-08,1.0565403893938534,1.0550188771985236,0.060698879372524904,0.26500000000000001,1.4006852942561935e-08,0.26499998599314706,1.3986681827681484e-08,8.047021066909045e-10,3.326818903256771,3.3268187215942842,0.29999999999999999,5.7026137929827768e+100,8.3398243375995609e+97,5.6942739686451774e+100,1,1,1,1,1
1.0000000000000001e-05,9.9999999999999989e+35,228.18084370795106,1,1.3257281106496755e-09,1.0565403893938534,1.0550188771985236,0.060698879372524904,0.26500000000000001,1.4006852942561858e-09,0.26499999859931472,1.3986681827681407e-09,8.0470210669089996e-11,3.326818903256771,3.3268188850905216,0.29999999999999999,5.7026137929827767e+101,8.3398243375995603e+98,5.6942739686451773e+101,1,1,1,1,1
1.0000000000000001e-05,9.9999999999999984e+36,230.48342880094509,1,1.3257281106496745e-10,1.0565403893938534,1.0550188771985236,0.060698879372524904,0.26500000000000001,1.4006852942561848e-10,0.2649999998599315,1.3986681827681397e-10,8.0470210669089934e-12,3.326818903256771,3.3268189014401459,0.29999999999999999,5.7026137929827759e+102,8.3398243375995606e+99,5.6942739686451763e+102,1,1,1,1,1
1.0000000000000001e-05,9.9999999999999979e+37,232.78601389393916,1,1.3257281106496743e-11,1.0565403893938534,1.0550188771985236,0.060698879372524904,0.26500000000000001,1.4006852942561844e-11,0.26499999998599316,1.3986681827681395e-11,8.0470210669089928e-13,3.326818903256771,3.3268189030751083,0.29999999999999999,5.7026137929827755e+103,8.33982433759956e+100,5.6942739686451759e+103,1,1,1,1,1
1.0000000000000001e-05,9.9999999999999979e+38,235.08859898693319,1,1.3257281106496747e-12,1.0565403893938534,1.0550188771985236,0.060698879372524904,0.26500000000000001,1.4006852942561849e-12,0.2649999999985993,1.3986681827681399e-12,8.0470210669089956e-14,3.326818903256771,3.3268189032386046,0.29999999999999999,5.702613792982776e+104,8.3398243375995591e+101,5.6942739686451765e+104,1,1,1,1,1
1.0000000000000001e-05,9.9999999999999979e+39,237.39118407992723,1,1.3257281106496747e-13,1.0565403893938534,1.0550188771985236,0.060698879372524904,0.26500000000000001,1.4006852942561849e-13,0.26499999999985996,1.3986681827681399e-13,8.0470210669089946e-15,3.326818903256771,3.3268189032549542,0.29999999999999999,5.7026137929827754e+105,8.3398243375995593e+102,5.694273968645176e+105,1,1,1,1,1
1.0000000000000001e-05,9.9999999999999981e+40,239.69376917292129,1,1.3257281106496745e-14,1.0565403893938534,1.0550188771985236,0.060698879372524904,0.26500000000000001,1.4006852942561847e-14,0.26499999999998602,1.3986681827681396e-14,8.0470210669089944e-16,3.326818903256771,3.3268189032565894,0.29999999999999999,5.702613792982776e+106,8.3398243375995593e+103,5.6942739686451766e+106,1,1,1,1,1
1.0000000000000001e-05,9.9999999999999989e+41,241.99635426591533,1,1.325728110649674e-15,1.0565403893938534,1.0550188771985236,0.060698879372524904,0.26500000000000001,1.4006852942561842e-15,0.26499999999999863,1.3986681827681392e-15,8.0470210669089907e-17,3.326818903256771,3.3268189032567532,0.29999999999999999,5.7026137929827761e+107,8.3398243375995606e+104,5.6942739686451768e+107,1,1,1,1,1
1.0000000000000001e-05,9.9999999999999989e+42,244.29893935890937,1,1.3257281106496746e-16,1.0565403893938534,1.0550188771985236,0.060698879372524904,0.26500000000000001,1.4006852942561849e-16,0.26499999999999985,1.3986681827681399e-16,8.0470210669089951e-18,3.326818903256771,3.3268189032567688,0.29999999999999999,5.7026137929827759e+108,8.3398243375995598e+105,5.694273968645176e+108,1,1,1,1,1
1.0000000000000001e-05,9.9999999999999989e+43,246.60152445190343,1,1.3257281106496746e-17,1.0565403893938534,1.0550188771985236,0.060698879372524904,0.26500000000000001,1.4006852942561847e-17,0.26500000000000001,1.3986681827681399e-17,8.0470210669089947e-19,3.326818903256771,3.326818903256771,0.29999999999999999,5.7026137929827763e+109,8.3398243375995606e+106,5.694273968645177e+109,1,1,1,1,1
1.0000000000000001e-05,9.9999999999999993e+44,248.90410954489747,1,1.3257281106496743e-18,1.0565403893938534,1.0550188771985236,0.060698879372524904,0.26500000000000001,1.4006852942561844e-18,0.26500000000000001,1.3986681827681393e-18,8.0470210669089923e-20,3.326818903256771,3.326818903256771,0.29999999999999999,5.7026137929827766e+110,8.3398243375995613e+107,5.6942739686451774e+110,1,1,1,1,1
1.0000000000000001e-05,9.9999999999999999e+45,251.2066946378915,1,1.3257281106496745e-19,1.0565403893938534,1.0550188771985236,0.060698879372524904,0.26500000000000001,1.4006852942561848e-19,0.26500000000000001,1.3986681827681396e-19,8.0470210669089944e-21,3.326818903256771,3.326818903256771,0.29999999999999999,5.7026137929827764e+111,8.3398243375995613e+108,5.6942739686451771e+111,1,1,1,1,1
1.0000000000000001e-05,1e+47,253.50927973088557,1,1.3257281106496745e-20,1.0565403893938534,1.0550188771985236,0.060698879372524904,0.26500000000000001,1.4006852942561848e-20,0.26500000000000001,1.3986681827681397e-20,8.047021066908994e-22,3.326818903256771,3.326818903256771,0.29999999999999999,5.7026137929827766e+112,8.3398243375995611e+109,5.6942739686451767e+112,1,1,1,1,1
1.0000000000000001e-05,1e+48,255.8118648238796,1,1.3257281106496745e-21,1.0565403893938534,1.0550188771985236,0.060698879372524904,0.26500000000000001,1.4006852942561847e-21,0.26500000000000001,1.3986681827681397e-21,8.047021066908994e-23,3.326818903256771,3.326818903256771,0.29999999999999999,5.7026137929827766e+113,8.3398243375995604e+110,5.6942739686451772e+113,1,1,1,1,1
1.0000000000000001e-05,1.0000000000000001e+49,258.11444991687364,1,1.3257281106496745e-22,1.0565403893938534,1.0550188771985236,0.060698879372524904,0.26500000000000001,1.4006852942561846e-22,0.26500000000000001,1.3986681827681397e-22,8.047021066908994e-24,3.326818903256771,3.326818903256771,0.29999999999999999,5.7026137929827771e+114,8.3398243375995609e+111,5.6942739686451779e+114,1,1,1,1,1
1.0000000000000001e-05,1.0000000000000001e+50,260.41703500986767,1,1.3257281106496744e-23,1.0565403893938534,1.0550188771985236,0.060698879372524904,0.26500000000000001,1.4006852942561847e-23,0.26500000000000001,1.3986681827681396e-23,8.0470210669089934e-25,3.326818903256771,3.326818903256771,0.29999999999999999,5.7026137929827774e+115,8.3398243375995614e+112,5.6942739686451781e+115,1,1,1,1,1
1.0000000000000001e-05,9.9999999999999999e+50,262.71962010286177,1,1.3257281106496742e-24,1.0565403893938534,1.0550188771985236,0.060698879372524904,0.26500000000000001,1.4006852942561843e-24,0.26500000000000001,1.3986681827681393e-24,8.0470210669089918e-26,3.326818903256771,3.326818903256771,0.29999999999999999,5.7026137929827767e+116,8.3398243375995617e+113,5.6942739686451769e+116,1,1,1,1,1
1.0000000000000001e-05,9.9999999999999999e+51,265.0222051958558,1,1.3257281106496744e-25,1.0565403893938534,1.0550188771985236,0.060698879372524904,0.26500000000000001,1.4006852942561845e-25,0.26500000000000001,1.3986681827681394e-25,8.0470210669089933e-27,3.326818903256771,3.326818903256771,0.29999999999999999,5.7026137929827765e+117,8.3398243375995617e+114,5.6942739686451767e+117,1,1,1,1,1
1.0000000000000001e-05,9.9999999999999999e+52,267.32479028884984,1,1.3257281106496744e-26,1.0565403893938534,1.0550188771985236,0.060698879372524904,0.26500000000000001,1.4006852942561847e-26,0.26500000000000001,1.3986681827681396e-26,8.047021066908994e-28,3.326818903256771,3.326818903256771,0.29999999999999999,5.7026137929827758e+118,8.3398243375995617e+115,5.6942739686451761e+118,1,1,1,1,1
1.0000000000000001e-05,1.0000000000000001e+54,269.62737538184388,1,1.3257281106496744e-27,1.0565403893938534,1.0550188771985236,0.060698879372524904,0.26500000000000001,1.4006852942561845e-27,0.26500000000000001,1.3986681827681395e-27,8.0470210669089931e-29,3.326818903256771,3.326818903256771,0.29999999999999999,5.7026137929827773e+119,8.3398243375995621e+116,5.6942739686451777e+119,1,1,1,1,1
1.0000000000000001e-05,1.0000000000000001e+55,271.92996047483791,1,1.3257281106496744e-28,1.0565403893938534,1.0550188771985236,0.060698879372524904,0.26500000000000001,1.4006852942561845e-28,0.26500000000000001,1.3986681827681395e-28,8.0470210669089931e-30,3.326818903256771,3.326818903256771,0.29999999999999999,5.7026137929827766e+120,8.3398243375995621e+117,5.694273968645177e+120,1,1,1,1,1
1.0000000000000001e-05,1.0000000000000001e+56,274.23254556783195,1,1.3257281106496746e-29,1.0565403893938534,1.0550188771985236,0.060698879372524904,0.26500000000000001,1.4006852942561849e-29,0.26500000000000001,1.3986681827681397e-29,8.0470210669089952e-31,3.326818903256771,3.326818903256771,0.29999999999999999,5.702613792982777e+121,8.3398243375995618e+118,5.6942739686451772e+121,1,1,1,1,1
1.0000000000000001e-05,1e+57,276.53513066082604,1,1.3257281106496742e-30,1.0565403893938534,1.0550188771985236,0.060698879372524904,0.26500000000000001,1.4006852942561845e-30,0.26500000000000001,1.3986681827681394e-30,8.0470210669089923e-32,3.326818903256771,3.326818903256771,0.29999999999999999,5.702613792982777e+122,8.3398243375995611e+119,5.6942739686451774e+122,1,1,1,1,1
1.0000000000000001e-05,1.0000000000000001e+58,278.83771575382008,1,1.3257281106496743e-31,1.0565403893938534,1.0550188771985236,0.060698879372524904,0.26500000000000001,1.4006852942561845e-31,0.26500000000000001,1.3986681827681394e-31,8.0470210669089926e-33,3.326818903256771,3.326818903256771,0.29999999999999999,5.7026137929827773e+123,8.3398243375995623e+120,5.6942739686451781e+123,1,1,1,1,1
1.0000000000000001e-05,1.0000000000000001e+59,281.14030084681411,1,1.3257281106496741e-32,1.0565403893938534,1.0550188771985236,0.060698879372524904,0.26500000000000001,1.4006852942561842e-32,0.26500000000000001,1.3986681827681392e-32,8.0470210669089913e-34,3.326818903256771,3.326818903256771,0.29999999999999999,5.7026137929827773e+124,8.3398243375995609e+121,5.6942739686451781e+124,1,1,1,1,1
