tau,eta_target,z,q_reference,q_solved,eta_solved,relative_q_error,eta_error
1,-0.90000000000000002,-2.0476676868251231,5.2631578947368434,5.2631578947368372,-0.90000000000000058,1.1812772982011662e-15,5.5511151231257827e-16
1,-0.80000000000000004,-1.3265396916207082,2.7777777777777786,2.7777777777777946,-0.79999999999999782,5.7553961596568095e-15,2.2204460492503131e-15
1,-0.69999999999999996,-0.97690155937793965,1.9607843137254901,1.9607843137254797,-0.70000000000000184,5.322409180053001e-15,1.8873791418627661e-15
1,-0.59999999999999998,-0.74832828921621175,1.5625,1.5625000000000102,-0.59999999999999809,6.536993168992922e-15,1.8873791418627661e-15
1,-0.5,-0.57652039956938594,1.3333333333333333,1.3333333333333339,-0.49999999999999983,4.9960036108132044e-16,1.6653345369377348e-16
1,-0.40000000000000002,-0.43605547598152783,1.1904761904761905,1.1904761904761854,-0.40000000000000085,4.2899017671516049e-15,8.3266726846886741e-16
1,-0.29999999999999993,-0.31433718929313642,1.0989010989010988,1.098901098901095,-0.30000000000000043,3.4350300381902349e-15,4.9960036108132044e-16
1,-0.20000000000000007,-0.20408248570994764,1.0416666666666667,1.0416666666666639,-0.20000000000000037,2.7711166694643904e-15,3.0531133177191805e-16
1,-0.099999999999999978,-0.1004987311690223,1.0101010101010102,1.0101010101010126,-0.099999999999999867,2.4180657476335907e-15,1.1102230246251565e-16
1,-1.1102230246251565e-16,-1.1102230246251565e-16,1,1.0000000000000071,-1.1102230246251526e-16,7.1054273576010019e-15,3.944304526105059e-31
1,0.099999999999999978,0.1004987311690223,1.0101010101010102,1.0101010101010126,0.099999999999999867,2.4180657476335907e-15,1.1102230246251565e-16
1,0.20000000000000007,0.20408248570994764,1.0416666666666667,1.0416666666666639,0.20000000000000037,2.7711166694643904e-15,3.0531133177191805e-16
1,0.30000000000000016,0.31433718929313675,1.098901098901099,1.098901098901095,0.30000000000000077,3.6370906286720126e-15,6.106226635438361e-16
1,0.40000000000000002,0.43605547598152783,1.1904761904761905,1.1904761904761854,0.40000000000000085,4.2899017671516049e-15,8.3266726846886741e-16
1,0.49999999999999989,0.57652039956938583,1.333333333333333,1.3333333333333339,0.49999999999999972,6.6613381477509412e-16,1.6653345369377348e-16
1,0.59999999999999998,0.74832828921621175,1.5625,1.5625000000000102,0.59999999999999809,6.536993168992922e-15,1.8873791418627661e-15
1,0.70000000000000007,0.97690155937793977,1.9607843137254906,1.9607843137254797,0.70000000000000195,5.5488946770765313e-15,1.8873791418627661e-15
1,0.80000000000000016,1.3265396916207086,2.7777777777777795,2.7777777777777946,0.79999999999999805,5.4356519285647634e-15,2.1094237467877974e-15
1,0.8999999999999998,2.04766768682512,5.2631578947368309,5.2631578947368265,0.90000000000000013,8.437694987151208e-16,3.3306690738754696e-16
0.10000000000000001,-0.90000000000000002,-0.65502741496579842,0.5263157894736844,0.52631578947368207,-0.90000000000000202,4.4297898682543729e-15,1.9984014443252818e-15
0.10000000000000001,-0.80000000000000004,-0.42434613323370196,0.2777777777777779,0.2777777777777759,-0.80000000000000293,7.1942451995710109e-15,2.886579864025407e-15
0.10000000000000001,-0.69999999999999996,-0.31250056209439919,0.19607843137254902,0.19607843137255038,-0.69999999999999751,6.9361183463456656e-15,2.4424906541753444e-15
0.10000000000000001,-0.59999999999999998,-0.23938237048174699,0.15625,0.15625,-0.59999999999999998,0,0
0.10000000000000001,-0.5,-0.18442282868198398,0.13333333333333333,0.133333333333334,-0.49999999999999878,4.9960036108132044e-15,1.2212453270876722e-15
0.10000000000000001,-0.40000000000000002,-0.13948957296714645,0.11904761904761905,0.11904761904761953,-0.3999999999999993,3.9634961979118084e-15,7.2164496600635175e-16
0.10000000000000001,-0.29999999999999993,-0.10055316976239535,0.10989010989010989,0.10989010989010964,-0.30000000000000027,2.2731816429200082e-15,3.3306690738754696e-16
0.10000000000000001,-0.20000000000000007,-0.065283846551121599,0.10416666666666667,0.10416666666666646,-0.20000000000000026,1.9984014443252818e-15,1.9428902930940239e-16
0.10000000000000001,-0.099999999999999978,-0.032148489966677588,0.10101010101010102,0.10101010101010116,-0.099999999999999908,1.373900992973631e-15,6.9388939039072284e-17
0.10000000000000001,-1.1102230246251565e-16,-3.5514870041402059e-17,0.10000000000000001,0.10000000000000089,-1.1102230246251517e-16,8.8817841970012523e-15,4.8071211411905407e-31
0.10000000000000001,0.099999999999999978,0.032148489966677588,0.10101010101010102,0.10101010101010116,0.099999999999999908,1.373900992973631e-15,6.9388939039072284e-17
0.10000000000000001,0.20000000000000007,0.065283846551121599,0.10416666666666667,0.10416666666666646,0.20000000000000026,1.9984014443252818e-15,1.9428902930940239e-16
0.10000000000000001,0.30000000000000016,0.10055316976239544,0.1098901098901099,0.10989010989010964,0.30000000000000054,2.3994695119711193e-15,3.8857805861880479e-16
0.10000000000000001,0.40000000000000002,0.13948957296714645,0.11904761904761905,0.11904761904761953,0.3999999999999993,3.9634961979118084e-15,7.2164496600635175e-16
0.10000000000000001,0.49999999999999989,0.18442282868198395,0.13333333333333333,0.133333333333334,0.49999999999999872,4.9960036108132044e-15,1.1657341758564144e-15
0.10000000000000001,0.59999999999999998,0.23938237048174699,0.15625,0.15625,0.59999999999999998,0,0
0.10000000000000001,0.70000000000000007,0.3125005620943993,0.19607843137254907,0.19607843137255038,0.69999999999999774,6.6530114750662487e-15,2.3314683517128287e-15
0.10000000000000001,0.80000000000000016,0.42434613323370202,0.27777777777777796,0.2777777777777759,0.80000000000000304,7.3940853440035372e-15,2.886579864025407e-15
0.10000000000000001,0.8999999999999998,0.65502741496579753,0.52631578947368318,0.52631578947368163,0.90000000000000113,2.9531932455029221e-15,1.3322676295501878e-15
0.01,-0.90000000000000002,-0.20953639944478905,0.052631578947368439,0.052631578947368703,-0.89999999999999769,5.0098813986210173e-15,2.3314683517128287e-15
0.01,-0.80000000000000004,-0.13574387704177435,0.027777777777777787,0.027777777777777832,-0.79999999999999949,1.6237011735142908e-15,5.5511151231257827e-16
0.01,-0.69999999999999996,-0.099965651985958678,0.019607843137254902,0.019607843137254902,-0.69999999999999996,0,0
0.01,-0.59999999999999998,-0.076575909428039504,0.015625,0.015624999999999964,-0.60000000000000075,2.3314683517128287e-15,7.7715611723760958e-16
0.01,-0.5,-0.058994928478625301,0.013333333333333334,0.01333333333333335,-0.49999999999999972,1.1709383462843448e-15,2.7755575615628914e-16
0.01,-0.40000000000000002,-0.04462125128175462,0.011904761904761906,0.011904761904761984,-0.39999999999999875,6.55725473919233e-15,1.27675647831893e-15
0.01,-0.29999999999999993,-0.032165904301689544,0.010989010989010988,0.010989010989011026,-0.29999999999999943,3.4729163989055682e-15,4.9960036108132044e-16
0.01,-0.20000000000000007,-0.020883617747422655,0.010416666666666668,0.01041666666666663,-0.20000000000000046,3.6637359812630158e-15,3.8857805861880479e-16
0.01,-0.099999999999999978,-0.010283964733836791,0.010101010101010102,0.010101010101010149,-0.099999999999999742,4.6369158512860054e-15,2.3592239273284576e-16
0.01,-1.1102230246251565e-16,-1.1360834409676659e-17,0.01,0.010000000000000057,-1.1102230246251533e-16,5.7245874707234634e-15,3.2047474274603605e-31
0.01,0.099999999999999978,0.010283964733836791,0.010101010101010102,0.010101010101010149,0.099999999999999742,4.6369158512860054e-15,2.3592239273284576e-16
0.01,0.20000000000000007,0.020883617747422655,0.010416666666666668,0.01041666666666663,0.20000000000000046,3.6637359812630158e-15,3.8857805861880479e-16
0.01,0.30000000000000016,0.032165904301689571,0.01098901098901099,0.010989010989011026,0.29999999999999966,3.315056562591678e-15,4.9960036108132044e-16
0.01,0.40000000000000002,0.04462125128175462,0.011904761904761906,0.011904761904761984,0.39999999999999875,6.55725473919233e-15,1.27675647831893e-15
0.01,0.49999999999999989,0.058994928478625287,0.013333333333333332,0.01333333333333335,0.49999999999999961,1.3010426069826053e-15,2.7755575615628914e-16
0.01,0.59999999999999998,0.076575909428039504,0.015625,0.015624999999999964,0.60000000000000075,2.3314683517128287e-15,7.7715611723760958e-16
0.01,0.70000000000000007,0.099965651985958692,0.019607843137254905,0.019607843137254902,0.70000000000000007,1.769417945496343e-16,0
0.01,0.80000000000000016,0.13574387704177437,0.027777777777777797,0.027777777777777832,0.7999999999999996,1.2490009027033003e-15,5.5511151231257827e-16
0.01,0.8999999999999998,0.20953639944478877,0.052631578947368314,0.052631578947368703,0.89999999999999658,7.3829831137573068e-15,3.219646771412954e-15
0.001,-0.90000000000000002,-0.067028496348627911,0.0052631578947368437,0.0052631578947368429,-0.90000000000000013,1.6479873021779662e-16,1.1102230246251565e-16
0.001,-0.80000000000000004,-0.043423042443948234,0.0027777777777777788,0.0027777777777777757,-0.80000000000000038,1.0928757898653881e-15,3.3306690738754696e-16
0.001,-0.69999999999999996,-0.031977963527499535,0.0019607843137254902,0.0019607843137254815,-0.7000000000000014,4.4235448637408581e-15,1.4432899320127035e-15
0.001,-0.59999999999999998,-0.024495830218952696,0.0015625000000000001,0.0015625000000000096,-0.59999999999999809,6.106226635438361e-15,1.8873791418627661e-15
0.001,-0.5,-0.018871858820686826,0.0013333333333333333,0.0013333333333333339,-0.49999999999999989,4.87890977618477e-16,1.1102230246251565e-16
0.001,-0.40000000000000002,-0.014273870251351586,0.0011904761904761906,0.0011904761904761901,-0.40000000000000008,3.6429192995512944e-16,5.5511151231257827e-17
0.001,-0.29999999999999993,-0.010289535396947618,0.0010989010989010989,0.0010989010989011019,-0.29999999999999949,2.7625471354930653e-15,4.4408920985006262e-16
0.001,-0.20000000000000007,-0.0066804502684894816,0.0010416666666666667,0.0010416666666666673,-0.20000000000000001,6.2450045135165055e-16,5.5511151231257827e-17
0.001,-0.099999999999999978,-0.0032897324495309312,0.0010101010101010101,0.001010101010101011,-0.099999999999999936,8.5868812060851951e-16,4.163336342344337e-17
0.001,-1.1102230246251565e-16,-3.6342117635128425e-18,0.001,0.001000000000000007,-1.1102230246251527e-16,6.9388939039072284e-15,3.8210450096642759e-31
0.001,0.099999999999999978,0.0032897324495309312,0.0010101010101010101,0.001010101010101011,0.099999999999999936,8.5868812060851951e-16,4.163336342344337e-17
0.001,0.20000000000000007,0.0066804502684894816,0.0010416666666666667,0.0010416666666666673,0.20000000000000001,6.2450045135165055e-16,5.5511151231257827e-17
0.001,0.30000000000000016,0.010289535396947628,0.0010989010989010991,0.0010989010989011019,0.29999999999999977,2.5652223401007031e-15,3.8857805861880479e-16
0.001,0.40000000000000002,0.014273870251351586,0.0011904761904761906,0.0011904761904761901,0.40000000000000008,3.6429192995512944e-16,5.5511151231257827e-17
0.001,0.49999999999999989,0.018871858820686822,0.0013333333333333331,0.0013333333333333339,0.49999999999999983,6.5052130349130276e-16,5.5511151231257827e-17
0.001,0.59999999999999998,0.024495830218952696,0.0015625000000000001,0.0015625000000000096,0.59999999999999809,6.106226635438361e-15,1.8873791418627661e-15
0.001,0.70000000000000007,0.031977963527499549,0.0019607843137254906,0.0019607843137254815,0.70000000000000173,4.6447221069279002e-15,1.6653345369377348e-15
0.001,0.80000000000000016,0.043423042443948248,0.0027777777777777796,0.0027777777777777757,0.80000000000000071,1.4051260155412128e-15,5.5511151231257827e-16
0.001,0.8999999999999998,0.067028496348627814,0.0052631578947368316,0.0052631578947368411,0.89999999999999902,1.812786032395767e-15,7.7715611723760958e-16
0.0001,-0.90000000000000002,-0.021441712917959356,0.00052631578947368442,0.00052631578947368658,-0.89999999999999813,4.1199682554449153e-15,1.8873791418627661e-15
0.0001,-0.80000000000000004,-0.013890575812186804,0.00027777777777777789,0.00027777777777777664,-0.80000000000000182,4.4885969940899868e-15,1.7763568394002505e-15
0.0001,-0.69999999999999996,-0.010229415114600817,0.00019607843137254904,0.00019607843137255012,-0.69999999999999807,5.5294310796760718e-15,1.8873791418627661e-15
0.0001,-0.59999999999999998,-0.0078359591495238551,0.00015625,0.00015625000000000079,-0.59999999999999853,5.0306980803327406e-15,1.4432899320127035e-15
0.0001,-0.5,-0.0060369096892281563,0.00013333333333333334,0.00013333333333333329,-0.50000000000000011,4.0657581468206416e-16,1.1102230246251565e-16
0.0001,-0.40000000000000002,-0.0045660613743418116,0.00011904761904761906,0.00011904761904761926,-0.39999999999999963,1.7076184216646693e-15,3.8857805861880479e-16
0.0001,-0.29999999999999993,-0.0032915144462292278,0.00010989010989010989,0.00010989010989010967,-0.30000000000000021,1.9732479539236181e-15,2.7755575615628914e-16
0.0001,-0.20000000000000007,-0.002137005969440759,0.00010416666666666667,0.0001041666666666672,-0.19999999999999957,5.0740661672321608e-15,4.9960036108132044e-16
0.0001,-0.099999999999999978,-0.0010523509044997599,0.00010101010101010101,0.00010101010101010112,-0.099999999999999908,1.0733601507606494e-15,6.9388939039072284e-17
0.0001,-1.1102230246251565e-16,-1.1625462237884183e-18,0.0001,0.00010000000000000086,-1.1102230246251517e-16,8.5380921083233474e-15,4.8071211411905407e-31
0.0001,0.099999999999999978,0.0010523509044997599,0.00010101010101010101,0.00010101010101010112,0.099999999999999908,1.0733601507606494e-15,6.9388939039072284e-17
0.0001,0.20000000000000007,0.002137005969440759,0.00010416666666666667,0.0001041666666666672,0.19999999999999957,5.0740661672321608e-15,4.9960036108132044e-16
0.0001,0.30000000000000016,0.0032915144462292304,0.0001098901098901099,0.00010989010989010967,0.30000000000000049,2.0965759510438438e-15,3.3306690738754696e-16
0.0001,0.40000000000000002,0.0045660613743418116,0.00011904761904761906,0.00011904761904761926,0.39999999999999963,1.7076184216646693e-15,3.8857805861880479e-16
0.0001,0.49999999999999989,0.0060369096892281546,0.00013333333333333331,0.00013333333333333329,0.49999999999999994,2.0328790734103211e-16,5.5511151231257827e-17
0.0001,0.59999999999999998,0.0078359591495238551,0.00015625,0.00015625000000000079,0.59999999999999853,5.0306980803327406e-15,1.4432899320127035e-15
0.0001,0.70000000000000007,0.010229415114600819,0.00019607843137254907,0.00019607843137255012,0.69999999999999818,5.3911953026841692e-15,1.8873791418627661e-15
0.0001,0.80000000000000016,0.01389057581218681,0.00027777777777777799,0.00027777777777777664,0.80000000000000215,4.878909776184766e-15,1.9984014443252818e-15
0.0001,0.8999999999999998,0.021441712917959325,0.00052631578947368311,0.00052631578947368658,0.8999999999999968,6.5919492087118804e-15,2.9976021664879227e-15
1.0000000000000001e-05,-0.90000000000000002,-0.0068589790596667059,5.2631578947368437e-05,5.2631578947368038e-05,-0.90000000000000346,7.5961914709765623e-15,3.4416913763379853e-15
1.0000000000000001e-05,-0.80000000000000004,-0.0044434495036401985,2.7777777777777789e-05,2.7777777777777671e-05,-0.80000000000000182,4.2690460541616721e-15,1.7763568394002505e-15
1.0000000000000001e-05,-0.69999999999999996,-0.0032722825985099821,1.9607843137254903e-05,1.960784313725497e-05,-0.69999999999999873,3.4558944247975454e-15,1.2212453270876722e-15
1.0000000000000001e-05,-0.59999999999999998,-0.0025066411403153427,1.5625e-05,1.5625000000000061e-05,-0.59999999999999887,3.903127820947816e-15,1.1102230246251565e-15
1.0000000000000001e-05,-0.5,-0.0019311440882520568,1.3333333333333335e-05,1.3333333333333371e-05,-0.49999999999999933,2.6681537838510457e-15,6.6613381477509392e-16
1.0000000000000001e-05,-0.40000000000000002,-0.0014606351400932808,1.1904761904761907e-05,1.1904761904761971e-05,-0.39999999999999902,5.4074583352714526e-15,9.9920072216264089e-16
1.0000000000000001e-05,-0.29999999999999993,-0.0010529209465521268,1.098901098901099e-05,1.0989010989011085e-05,-0.29999999999999866,8.6329597984158275e-15,1.27675647831893e-15
1.0000000000000001e-05,-0.20000000000000007,-0.000683605794502537,1.0416666666666668e-05,1.0416666666666682e-05,-0.19999999999999996,1.3010426069826051e-15,1.1102230246251565e-16
1.0000000000000001e-05,-0.099999999999999978,-0.00033663601620836014,1.0101010101010101e-05,1.0101010101010059e-05,-0.10000000000000019,4.1928130889087867e-15,2.0816681711721685e-16
1.0000000000000001e-05,-1.1102230246251565e-16,-3.718863430066973e-19,1.0000000000000001e-05,1.0000000000000057e-05,-1.1102230246251533e-16,5.5904174518783814e-15,3.2047474274603605e-31
1.0000000000000001e-05,0.099999999999999978,0.00033663601620836014,1.0101010101010101e-05,1.0101010101010059e-05,0.10000000000000019,4.1928130889087867e-15,2.0816681711721685e-16
1.0000000000000001e-05,0.20000000000000007,0.000683605794502537,1.0416666666666668e-05,1.0416666666666682e-05,0.19999999999999996,1.3010426069826051e-15,1.1102230246251565e-16
1.0000000000000001e-05,0.30000000000000016,0.0010529209465521274,1.098901098901099e-05,1.0989010989011085e-05,0.29999999999999882,8.6329597984158275e-15,1.3322676295501878e-15
1.0000000000000001e-05,0.40000000000000002,0.0014606351400932808,1.1904761904761907e-05,1.1904761904761971e-05,0.39999999999999902,5.4074583352714526e-15,9.9920072216264089e-16
1.0000000000000001e-05,0.49999999999999989,0.0019311440882520564,1.3333333333333333e-05,1.3333333333333371e-05,0.49999999999999922,2.7952087259391911e-15,6.6613381477509392e-16
1.0000000000000001e-05,0.59999999999999998,0.0025066411403153427,1.5625e-05,1.5625000000000061e-05,0.59999999999999887,3.903127820947816e-15,1.1102230246251565e-15
1.0000000000000001e-05,0.70000000000000007,0.0032722825985099829,1.9607843137254906e-05,1.960784313725497e-05,0.69999999999999885,3.2830997035576673e-15,1.2212453270876722e-15
1.0000000000000001e-05,0.80000000000000016,0.0044434495036402002,2.7777777777777799e-05,2.7777777777777671e-05,0.80000000000000204,4.6349642873755275e-15,1.8873791418627661e-15
1.0000000000000001e-05,0.8999999999999998,0.0068589790596666964,5.2631578947368316e-05,5.2631578947368038e-05,0.90000000000000213,5.27870932728881e-15,2.3314683517128287e-15
9.9999999999999995e-07,-0.90000000000000002,-0.0021941154571443527,5.2631578947368431e-06,5.26315789473686e-06,-0.89999999999999858,3.2187251995663409e-15,1.4432899320127035e-15
9.9999999999999995e-07,-0.80000000000000004,-0.00142141288873553,2.7777777777777788e-06,2.7777777777777762e-06,-0.80000000000000038,9.1479558303464397e-16,3.3306690738754696e-16
9.9999999999999995e-07,-0.69999999999999996,-0.0010467688801901842,1.9607843137254902e-06,1.9607843137254923e-06,-0.69999999999999951,1.0799670077492329e-15,4.4408920985006262e-16
9.9999999999999995e-07,-0.59999999999999998,-0.00080184820855060178,1.5624999999999999e-06,1.5625000000000126e-06,-0.59999999999999754,8.1315162936412833e-15,2.4424906541753444e-15
9.9999999999999995e-07,-0.5,-0.00061775273800189576,1.3333333333333332e-06,1.3333333333333313e-06,-0.50000000000000033,1.429368098491632e-15,3.3306690738754696e-16
9.9999999999999995e-07,-0.40000000000000002,-0.00046724186066878046,1.1904761904761904e-06,1.1904761904761906e-06,-0.39999999999999997,1.778769189234031e-16,5.5511151231257827e-17
9.9999999999999995e-07,-0.29999999999999993,-0.00033681836668172357,1.0989010989010988e-06,1.0989010989010992e-06,-0.29999999999999988,3.853999910007067e-16,5.5511151231257827e-17
9.9999999999999995e-07,-0.20000000000000007,-0.00021867832329908681,1.0416666666666667e-06,1.0416666666666726e-06,-0.19999999999999951,5.6920614055488983e-15,5.5511151231257827e-16
9.9999999999999995e-07,-0.099999999999999978,-0.00010768633059949175,1.0101010101010101e-06,1.0101010101010154e-06,-0.099999999999999714,5.2410163611359833e-15,2.6367796834847468e-16
9.9999999999999995e-07,-1.1102230246251565e-16,-1.1896254040051417e-19,9.9999999999999995e-07,1.0000000000000065e-06,-1.110223024625153e-16,6.5645053412208276e-15,3.5745259767827097e-31
9.9999999999999995e-07,0.099999999999999978,0.00010768633059949175,1.0101010101010101e-06,1.0101010101010154e-06,0.099999999999999714,5.2410163611359833e-15,2.6367796834847468e-16
9.9999999999999995e-07,0.20000000000000007,0.00021867832329908681,1.0416666666666667e-06,1.0416666666666726e-06,0.19999999999999951,5.6920614055488983e-15,5.5511151231257827e-16
9.9999999999999995e-07,0.30000000000000016,0.00033681836668172384,1.098901098901099e-06,1.0989010989010992e-06,0.3000000000000001,1.926999955003533e-16,5.5511151231257827e-17
9.9999999999999995e-07,0.40000000000000002,0.00046724186066878046,1.1904761904761904e-06,1.1904761904761906e-06,0.39999999999999997,1.778769189234031e-16,5.5511151231257827e-17
9.9999999999999995e-07,0.49999999999999989,0.00061775273800189555,1.333333333333333e-06,1.3333333333333313e-06,0.50000000000000022,1.2705494208814509e-15,3.3306690738754696e-16
9.9999999999999995e-07,0.59999999999999998,0.00080184820855060178,1.5624999999999999e-06,1.5625000000000126e-06,0.59999999999999754,8.1315162936412833e-15,2.4424906541753444e-15
9.9999999999999995e-07,0.70000000000000007,0.0010467688801901844,1.9607843137254906e-06,1.9607843137254923e-06,0.69999999999999973,8.6397360619938615e-16,3.3306690738754696e-16
9.9999999999999995e-07,0.80000000000000016,0.0014214128887355304,2.7777777777777796e-06,2.7777777777777762e-06,0.8000000000000006,1.2197274440461917e-15,4.4408920985006262e-16
9.9999999999999995e-07,0.8999999999999998,0.0021941154571443497,5.2631578947368312e-06,5.2631578947368058e-06,0.90000000000000202,4.8280877993495222e-15,2.2204460492503131e-15
